business_id,name,postal_code,latitude,longitude,stars,review_count,is_open
Pns2l4eNsfO8kk83dixA6A,"Abby Rappoport, LAC, CMQ",93101,34.4266787,-119.7111968,5.0,7.0,0
mpf3x-BjTdTEA3yCZrAYPw,The UPS Store,63123,38.551126,-90.335695,3.0,15.0,1
tUFrWirKiKi_TAnsVWINQQ,Target,85711,32.223236,-110.880452,3.5,22.0,0
MTSW4McQd7CbVtyjqoe9mw,St Honore Pastries,19107,39.9555052,-75.1555641,4.0,80.0,1
mWMc6_wTdE0EUBKIGXDVfA,Perkiomen Valley Brewery,18054,40.3381827,-75.4716585,4.5,13.0,1
CF33F8-E6oudUQ46HnavjQ,Sonic Drive-In,37015,36.269593,-87.058943,2.0,6.0,1
n_0UpQx1hsNbnPUSlodU8w,Famous Footwear,63144,38.627695,-90.340465,2.5,13.0,1
qkRM_2X51Yqxk3btlwAQIg,Temple Beth-El,33707,27.76659,-82.732983,3.5,5.0,1
k0hlBqXX-Bt0vf1op7Jr1w,Tsevi's Pub And Grill,63123,38.5651648,-90.3210868,3.0,19.0,0
bBDDEgkFA1Otx9Lfe7BZUQ,Sonic Drive-In,37207,36.2081024,-86.7681696,1.5,10.0,1
UJsufbvfyfONHeWdvAHKjA,Marshalls,34639,28.1904587953,-82.4573802199,3.5,6.0,1
eEOYSgkmpB90uNA7lDOMRA,Vietnamese Food Truck,33602,27.9552692,-82.4563199,4.0,10.0,1
il_Ro8jwPlHresjw9EGmBg,Denny's,46227,39.6371332838,-86.127217412,2.5,28.0,1
jaxMSoInw8Poo3XeMJt8lQ,Adams Dental,33755,27.966235,-82.787412,5.0,10.0,1
0bPLkL0QhhPO5kt1_EXmNQ,Zio's Italian Market,33771,27.9161159,-82.7604608,4.5,100.0,0
MUTTqe8uqyMdBl186RmNeA,Tuna Bar,19106,39.953949,-75.1432262,4.0,245.0,1
rBmpy_Y1UbBx8ggHlyb7hA,Arizona Truck Outfitters,85705,32.2298719,-110.9723419,4.5,10.0,1
M0XSSHqrASOnhgbWDJIpQA,Herb Import Co,70118,29.9414679565,-90.129952757,4.0,5.0,1
8wGISYjYkE2tSqn3cDMu8A,Nifty Car Rental,70062,29.981183,-90.2540123,3.5,14.0,1
ROeacJQwBeh05Rqg7F6TCg,BAP,19147,39.943223,-75.162568,4.5,205.0,1
WKMJwqnfZKsAae75RMP6jA,Roast Coffeehouse and Wine Bar,T5J 1B9,53.5460453,-113.4991693,4.0,40.0,0
qhDdDeI3K4jy2KyzwFN53w,Barnes & Noble Booksellers,46240,39.91382,-86.105739,4.0,38.0,1
kfNv-JZpuN6TVNSO6hHdkw,Hibachi Express,46250,39.9043203184,-86.0530799,4.0,20.0,1
9OG5YkX1g2GReZM0AskizA,Romano's Macaroni Grill,89502,39.4761165,-119.7893392,2.5,339.0,1
4iRzR7OaS-QaSXuvYxEGKA,Super Dog,37115,36.2485696,-86.7199857,4.0,6.0,0
PSo_C1Sfa13JHjzVNW6ziQ,Indian Walk Veterinary Center,18940,40.2734926,-74.987496,5.0,15.0,1
noByYNtDLQAra9ccqxdfDw,H&M,93101,34.4202089255,-119.7004597389,3.0,24.0,1
tMkwHmWFUEXrC9ZduonpTg,The Green Pheasant,37201,36.1598858,-86.7731974,4.0,161.0,0
QdN72BWoyFypdGJhhI5r7g,Bar One,19147,39.9398245705,-75.1574465632,4.0,65.0,0
sqSqqLy0sN8n2IZrAbzidQ,Domino's Pizza,37188,36.4647467622,-86.6591868908,3.5,8.0,1
fvWn8oXXwbj2l79cochZyw,Altitude Trampoline Park - Boise,83704,43.6167635,-116.2853821,5.0,30.0,1
Mjboz24M9NlBeiOJKLEd_Q,DeSandro on Main,19127,40.0224662,-75.218314,3.0,41.0,0
8sshLb4UU7emeUDvtJWnpA,DanceLine,19301,40.0415845065,-75.4849526577,4.5,11.0,1
kV_Q1oqis8Qli8dUoGpTyQ,Ardmore Pizza,19003,40.0067071,-75.289671,3.5,109.0,1
w_AMNoI1iG9eay7ncmc67w,River 127,70130,29.951359,-90.0646715,3.0,12.0,1
aPNXGTDkf-4bjhyMBQxqpQ,Craft Hall,19123,39.9625821,-75.1356571,3.5,65.0,1
2xVsWBNFwZOxIOdd9Mwnww,Cheeseburger In Paradise,19341,40.029962,-75.630607,2.5,20.0,0
mGFsPRHdE6SMV1gYQ6GzgQ,T-Mobile,19803,39.822176,-75.546007,2.0,6.0,1
LcAozWCMLGjwRbokaJAKMg,Edwardsville Children's Museum,62025,38.8043945,-89.9497332,4.5,12.0,1
fSCNwMtNNQY9QT69Cj9fiA,Sierra Pro Events,89431,39.5401545,-119.7483949,5.0,7.0,1
x1mhq4IpWctQOBM06dU8vg,Diamond Hair Company,46224,39.7874644177,-86.2514209,1.5,25.0,1
ljxNT9p0y7YMPx0fcNBGig,Tony's Restaurant & 3rd Street Cafe,62002,38.896563,-90.1862032987,3.0,94.0,1
lwItZ1Ck3KtpCgG4CPFmpQ,Stomel Elliot Attorney-At-Law,08002,39.915478,-75.016973,5.0,5.0,1
Kq51_lGAgAigqmENITTr-A,Bala Better Health,19004,40.00687,-75.217262,4.0,13.0,1
mglME3E7esPSpIF5bias8w,Pier 1,19064,39.9152704301,-75.3426812589,2.5,8.0,0
wghnIlMb_i5U46HMBGx9ig,China Dragon Restaurant,85746,32.1323047,-110.9999851,3.0,23.0,0
JX4tUpd09YFchLBuI43lGw,Naked Cyber Cafe & Espresso Bar,T5J 1L7,53.5446819,-113.506589,4.0,12.0,1
lk9IwjZXqUMqqOhM774DtQ,Caviar & Bananas,37203,36.1483712,-86.7988947,3.5,159.0,0
bCBPXIVfVzBZBEpFu29dcg,All In Shipping,62226,38.5175856,-90.0219285,5.0,5.0,1
ABxoFuzZy5mqQ8C5FJJajQ,Core de Roma,19004,40.0283575,-75.2380841,5.0,12.0,1
Hwt3_mOEmU-t--ywcemnMg,Gold's Gym,33704,27.8083394,-82.6361678,3.0,17.0,0
REwfwz-_-CMQ7Np5UVi9Qg,Jennie Deckert,46032,39.9693,-86.1650024,5.0,7.0,1
5BmQX4UVJY19mMtafMg7JA,Breadland Organic Whole Grain Bakery,T5K 2T7,53.547205,-113.522448,4.0,23.0,1
cVBxfMC4lp3DnocjYA3FHQ,Paws The Cat Cafe,T5H 3B2,53.549633299999996,-113.5087799,5.0,20.0,0
0qNpTGTcqPwOLi2hADx4Xw,Charlie's Market,33610,28.0103596,-82.4300416,3.0,9.0,1
xM6LoUcnpDpMBzXs_7dXAg,Fairfield Inn & Suites,19348,39.8562475317,-75.6946098804,3.0,37.0,1
txyXRytGjwOXvS8s4sc-WA,Smoothie King,85713,32.186794,-110.954765,3.0,29.0,1
DQ7PyYlp2bX96WZa7TcaWQ,LensCrafters,19462,40.1161788,-75.2825254,2.5,8.0,1
uI9XODGY_2_ieTE6xJ0myw,Roman Forum,33618,28.0462028173,-82.5050526736,4.0,23.0,0
JgpnXv_0XhV3SfbfB50nxw,Joe's Pizza,33607,27.9605142,-82.506127,4.0,35.0,0
Si6LXSR9gvAbmgO5DzV2cw,Lafitte's Landing Seafood House,70058,29.8754822266,-90.04938,2.5,38.0,0
seKihQKpGGnCeLuELRQPSQ,Twin Peaks,46250,39.9062952,-86.0474634,3.5,257.0,1
L_TT0BFmFwORAMaA83K54A,Village Tap Room,46220,39.8699114,-86.1435773,2.5,23.0,0
mjWvAkNqoA6Y5P03sDSzfA,Educational Outfitters,33614,27.9954501644,-82.5081187,2.0,10.0,1
qfWJmJ0g96eM_fWma3ja0g,Doc Magrogan's Oyster House - West Chester,19380,39.9615417,-75.6036042,3.0,114.0,0
uczmbBk5O3tYhGue13dCDg,New Orleans Spirit Tours,70130,29.958431,-90.065173,4.0,38.0,1
n7AQvGvNHlmun3kqXeBKVQ,Roy's Appliance Service,83646,43.6434944,-116.4360004,5.0,5.0,1
eYxGFkxo6m3SYGVTh5m2nQ,Big Boyz Toyz Motorcycle Rentals,85712,32.2503237,-110.9036553,4.5,8.0,1
lOP3HxdUTaq0eXhwR_KC-w,Sweet Things Chocolates,46260,39.913292,-86.20083,4.0,13.0,1
KWA2qtdwVEkMpd5soSKaGA,Publix Super Market,34667,28.3326007,-82.6681066,3.5,7.0,0
gbN4RuUiiBxQ2GBFQ2p3Cw,Mr. Margarita,89408,39.5139704538,-119.8472038094,5.0,7.0,1
B2qqjCl_BNNnXvWWfpFiLA,Pottery Barn Kids,37215,36.1036135,-86.8162678,1.5,13.0,1
7PDi_iyik3jraDAzWwwR4Q,Chase JP Morgan Bank Credit Card Services,19850,39.749361,-75.643331,1.5,111.0,1
8rb-3VYXE37IZix4yOdskw,Sharky's Sports Bar & Grill,08094,39.6968014,-74.9998214,2.5,29.0,1
9Rww8yE6Dm4dSMEq09nwXg,Holly Nails & Spa,33782,27.8553467494,-82.7363080904,4.5,16.0,1
aCDY7vXYMs54EbYuQScsnQ,39 North Taproom & Grill,19036,39.9036968861,-75.2949812448,4.5,25.0,1
-4dYswJy7SPcbcERvitmIg,Pathmark,19146,39.9404026,-75.1932966,2.5,34.0,0
mFTaYsRDyeFaY2NDLfSaAA,River City Games,T6E 5B7,53.4893123495,-113.4855665582,4.5,5.0,1
x9K0RfZaT_zlw6DklBDzjw,Gavi Italian Restaurant,85707,32.221667,-110.925833,3.5,9.0,0
pJfh3Ct8iL58NZa8ta-a5w,Top Shelf Sports Lounge,33544,28.1962523878,-82.3806153496,4.5,95.0,1
cvP_vh_bOLbCY3eoY1Xw-A,Fishers Freedom Festival,46038,39.958734,-86.016966,4.5,7.0,0
7clCBgNbd-x2Wj96lZ6Mjw,Bier Brewery and Tap Room,46220,39.8755319,-86.0828565,4.5,139.0,1
ppFCk9aQkM338Rgwpl2F5A,Wawa,19104,39.954573,-75.1948936,3.0,56.0,1
NZ_bFJma7brQUfln5h1UAg,Super Sushi Kyo Hin,08016,40.0416285,-74.8258209,3.5,6.0,0
eMjnw_7wp-CscyNh6Lu0ZA,AM&PM Locksmith,19152,40.0723302045,-75.0484833435,4.5,58.0,1
IDtLPgUrqorrpqSLdfMhZQ,Helena Avenue Bakery,93101,34.4144445,-119.6906718,4.0,389.0,1
sE6jSnvMts_MAn-b4OkMAw,K-9 Groom Room,62294,38.7162443,-89.8858296,4.0,5.0,1
YNjyv0gfOr2g8lbmUpTnKg,Copper Vine,70112,29.9506467229,-90.0744274301,4.5,350.0,1
LhpPSrulqVeTyJeK2xydvQ,Fresh Fruits & Salads,08102,39.9466899,-75.123327,4.5,6.0,1
oaboaRBUgGjbo2kfUIKDLQ,Mike's Ice Cream,37201,36.1626492,-86.7759733,4.5,593.0,1
-ZXYcCyDjj1QimnJyGtYtg,Gilley's Antique Mall,46168,39.6949931921,-86.4230714504,4.5,24.0,1
nUqrF-h9S7myCcvNDecOvw,Iron Horse Auto Body,93103,34.4196198,-119.6770319,4.5,32.0,1
vR9_bhoszcpXbB_APv6Xlw,James Dant,46219,39.7709745063,-86.0711718384,5.0,31.0,1
RK6-cJ9hj53RzOlCBmpT-g,Impasto,33611,27.890814,-82.5023464,5.0,5.0,1
ZM46RDLXaFNo_z6t-j_L4w,Absolutely Perfect Inc,19020,40.1131212,-74.9145975,3.5,5.0,1
pEm4xNCk8d0TF6A1gi-WDQ,TKO DJs,63143,38.6135761,-90.3223828,3.5,17.0,1
J_ksUDPpzPwfTGtI4zTRnQ,Riverview Room,70130,29.9559253,-90.0629624,4.5,7.0,1
knQ4vIgx-r85kjlWVVjcpQ,Silver and Blue Outfitters,89502,39.476518,-119.7840369,4.5,5.0,1
U2Tzy6J9aAAg9pzXsgdkvg,Premier Mortgage Resources,83642,43.6141936,-116.3525001,5.0,6.0,1
1MeIwdbTnZOBFCKOrgaxuw,Ricardo's Italian Cafe,63104,38.6172724,-90.2127841,3.5,80.0,0
8KMIT0NXu30Jz5Ojo5uxaw,Cornerstone Physical Therapy Associates,19020,40.0722036,-74.9644197,5.0,6.0,1
jiLGdnf42eYftkqfU2ze1w,Saks Fifth Avenue,46240,39.913836,-86.1079073,3.5,29.0,1
EuRGgOwJ0g1vTj2R04j37Q,Crafty Crab,62208,38.6012982,-89.9896835,2.5,14.0,1
TLZ3-eDPLhUzfsWO4ad6Ug,Mahony's Po-Boys & Seafood,70112,29.9554151,-90.0700619,4.0,382.0,1
Dy91wdWkwtI_qgjAIZ0Niw,Taqueria Los Primos,19808,39.7320886,-75.6256733,4.0,23.0,1
2Bi3ef7c0CrLxHD_-yy_tw,AIM Mail Center,85755,32.4263727,-110.95924049999999,3.0,13.0,1
vje0KIiE7vtpx7JzmBx5LQ,The Pearl,33706,27.7694046,-82.767317,4.0,129.0,1
2n9HHBxG7yAyAUwXXa49aw,Mighty Dustless,18966,40.1690207,-75.0093159,4.0,5.0,1
kK2i5Xyd9SOpF5pCFilbcg,Swat Pest Control,18914,40.2844964,-75.207999,4.5,7.0,1
I6DCYks9lqZeoZiVzW7PmA,Its Sold Here,19090,40.1428489,-75.1143791,1.5,10.0,1
VrGxoSNZfSiT-G4OqRRGIw,Sunset 44 Bistro,63122,38.5832229,-90.4071872,4.0,73.0,1
H0NEOp4e3Zu598u6kO3y0g,America's Best Contacts & Eyeglasses,08043,39.824552,-74.929032,3.5,17.0,1
sB45WFgysT617bKWP_WJwA,Budweiser Brewery Experience,63118,38.6001971,-90.2135377,4.5,605.0,1
Fk1xpM7fjqEJ4paqk5ZFSg,Jamba Juice,83713,43.6478323,-116.3520706,3.0,19.0,0
4dVrWc4Nhuw9apfk9BWEcA,Walmart Supercenter,34689,28.1477204,-82.7425681,2.0,29.0,1
xfmkEGiIERBaBMLhw-dTCg,Walmart Vision & Glasses,19148,39.9198090864,-75.157802746,4.5,6.0,1
NTf_U8kYu9PAE2cZGJqtJg,Mirror Lake Community Library,33701,27.7747314,-82.6402836,3.5,6.0,1
kk_oEw1j3xQ-cJaAII8A0Q,Giant Food Store,19422,40.1490655,-75.3060284,3.0,29.0,1
RXpADfOCZBGi82-CGxYdsw,Monogram Express,70002,30.0032388544,-90.146487573,4.5,8.0,1
qFX8IdomeBVhDPCSyz2aRg,Nashville Delivers,37027,36.002397,-86.7023814,3.5,7.0,1
bYjnX_J1bHZob10DoSFkqQ,Tinkle Belle Diaper Service,93101,34.420334,-119.7107494,5.0,17.0,1
luGY5CJlb4CJ3LrBcSXMPA,Desert Design Center,85712,32.2358661,-110.9036755,3.0,5.0,1
VZzivJEbmHItOxNXJB3SpA,Subway,37027,36.0263631408,-86.7894728157,2.5,14.0,1
iPSPcprSnkLOuL1Ns8UZZA,Pete's Barber Shop,19121,39.9748805,-75.1832618,4.5,12.0,1
Q3kQYhkYxSRyYyeBgtk--A,Cook's Glass & Mirror,46241,39.7500892,-86.2575225,5.0,5.0,1
wEfK2HIYNzkA1QYfUjHBaw,Leslie's,85710,32.2215422,-110.8221011,2.5,15.0,1
anLQj9AM8vjbcLSIE0iUgg,Papa Murphy's,85741,32.3385723,-111.0107602,4.0,22.0,1
BVo_36t3z7vfXp3XGgJkOg,Sears Auto Center,70006,30.0042804,-90.1813221,1.5,37.0,0
P8brGDYVWjeW9GrKixH0yQ,Laser Spine Institute,33607,27.9586132,-82.5325949,3.0,36.0,0
Cdytv_YhJO0W0Ab8t2xLtg,Nipper's Pub,08096,39.8444681,-75.1248703,3.5,29.0,1
3BJxm-HnvzdwD1zjmSbmyQ,Golden Chopstick Chinese Restaurant,19130,39.963077709,-75.1680274529,3.0,137.0,1
FRYkg_JvsWU9xIXZsEZcVA,Altamura,70115,29.9333877563,-90.079498291,3.5,27.0,0
9C2rpb56aQvW0ViZHK9sPw,Home Plate Sports Pub,85711,32.206315,-110.887843,3.5,56.0,1
k0yyD71s2F2eEKWRdkZ6jA,Cold Stone Creamery,46231,39.7628744,-86.3257127,3.0,19.0,1
dM5OKNzk9AL2aiq-fV-SYg,Walmart Supercenter,46112,39.8591499,-86.3964221,1.5,14.0,1
qdYfHRsZdcz4Bun4f9Ijaw,Norristown Car Wash,19401,40.140914,-75.3123146,2.0,8.0,1
Y6t4pnKm5LF8y5ChHA27ow,Meineke Car Care Center,34639,28.1961683557,-82.464425454,4.5,27.0,1
E_kLUlU60fzoZYAOxbH_3w,Pain Institute of Southern Arizona,85718,32.2891826,-110.9572299,2.5,43.0,1
txiXR1YfMyk-5S4ZzOVIhQ,Advance Financial,37214,36.1676590439,-86.6582959,2.0,7.0,1
0vCsslN-TYnDeOSNT4rIfg,Whole Foods Market,46032,39.999084,-86.131076,3.5,44.0,1
zFvqulgAYOpSG2t1v8AZ-w,The Cake Drip,33606,27.935753,-82.4764699,4.0,40.0,1
SZU9c8V2GuREDN5KgyHFJw,Santa Barbara Shellfish Company,93101,34.4087147,-119.6850187,4.0,2404.0,1
GWGXTKR0Fhdvzf_isDqJug,"David Gower, Jr.  - Coldwell Banker Preferred",19106,39.9490268625,-75.1471895999,5.0,17.0,1
-aeZuatjCDMV1X4gCTz9Ug,David Thomas Trailways,19154,40.1064092,-74.9739371,4.5,6.0,1
PYW8Buz8S8LpjIe6mZTAcw,Payless Liquors,46143,39.632279734,-86.158674289,3.5,13.0,1
Lx8ZYUJ_-3Aa8N821mN1WQ,ALM Kainan,89434,39.5371788,-119.7355322,4.0,13.0,0
M_THnNDHs29aylcK-JqS1A,Professional Healthcare of Pinellas,33713,27.7713566,-82.6586115,1.5,6.0,1
uCQqtYW_xc1EJRm7NyakdA,Yogurt Beach,89595,39.523904,-119.777525,4.5,12.0,1
9LLxOjEhLNcdx8i4lL6EUQ,Banfield Pet Hospital,46227,39.6531323637,-86.135859,2.0,10.0,1
h-y5azB-VlQAT3m7Ff2g2Q,P's & Q's - Premium Quality,19147,39.942515,-75.156468,5.0,16.0,1
XHTgtBSwLnwRHzKSbea2Fg,Michael Kors,46240,39.914404,-86.107287,4.0,6.0,1
WYYdQDjx-DsCanlP0DpImQ,J Sushi,19107,39.9470334,-75.1574339,4.5,72.0,0
U2htB9qk4hOXCdkccvvW0Q,D's Toys,46225,39.7291579,-86.1544775,5.0,5.0,1
aNtKyc2rr-uK5cqzY9TVQQ,Chipotle Mexican Grill,33771,27.894167,-82.779866,3.0,19.0,1
yv6kSKxDdZTsvHL25K-U2g,Nash Painting,37203,36.142642,-86.7708619,4.5,45.0,1
hUQ9Z7kQeabvhPOAQOVV1A,Rathbone Mansions,70116,29.9670548,-90.0658282,3.5,67.0,1
t5tBd4p7BA7hNDitBUXxrw,Boise Therapeutic Massage Center,83704,43.6119488,-116.2711098,4.0,68.0,1
oCFcoyGx2VRZ8MHXEsV8tQ,Giant Food Store,19015,39.877374,-75.394007,2.5,10.0,0
FC6ef4rMMZKNov_-A9M6iQ,TD Bank Havertown,19083,39.985661,-75.3148439,1.5,6.0,1
X_E7U2lVNEwbH_gpOBmAHQ,Cerveza Jack's,37201,36.162799,-86.776016,4.0,182.0,1
EYA514FX4H8MwvFjv2ORQA,Carsmetics,33762,27.8931855254,-82.6876049487,4.5,30.0,1
G4lRmwDHdvhZAhmtlsYYBw,Wendy's,37204,36.112075744,-86.7674462724,1.5,37.0,1
DTUfAthScapCGnOnnLUhPA,Stitchers' Dream,19038,40.0978388,-75.1558378,3.5,9.0,0
DcUDIlxFsvqPvFh8_lb4Sw,Lott's Service,08057,39.973753,-74.995949,1.5,8.0,1
zs4d4DqSp5zh3HGFh-PiiQ,Something Special,37205,36.0982798,-86.8714149,2.5,21.0,1
BxhkoR6cscJwwex8gx31OA,Bar-B-Cutie,37115,36.296536,-86.700179,3.5,40.0,1
2oxrOO3c9_mQmqM9kwEm9Q,Total Access Urgent Care,63021,38.568086,-90.475388,3.5,6.0,1
Ms5xG8i4p80KSMcF3tt4ug,Sal DeForte's Ristorante,08628,40.2668877,-74.8056572,4.0,52.0,1
yswijv6wP2fKbMqAiEZ0vw,Reno Bighorns,89501,39.5309239,-119.8122604,5.0,6.0,0
m9ncuZp0nEVhIwu24G-HRw,CVS Pharmacy,46203,39.7371,-86.1391,2.5,10.0,1
QZU7TcrztBb3tXaPbVCkXg,805 Ink,93101,34.4241297,-119.7053211,4.5,68.0,1
l6VYP8AxIoW6U52aDo8fXg,HMV Superstore,T5T 4M2,53.5114948,-113.6450474,4.0,24.0,0
wMAxTyExktVtfyqKAfApbA,Tuffy Tire & Auto Service Center,33618,28.0458684582,-82.515059,4.0,16.0,1
E-nhxuu3zbt02oCj_1AFng,Selah,85705,32.2280919,-110.9698038,5.0,60.0,1
vvE3HVfxlx9UYctKPr0dbw,Inspired By Purpose Wellness Center & Yoga Studio,89502,39.5174106,-119.7783471,4.5,9.0,1
JnbSkfsl_j2dUoHncBTonA,Collision XS,62220,38.5022786,-90.00616971,4.5,6.0,1
5BYQP7i7ckUlgSzX4Yhnmw,A-1 Expert Cleaning Services,19055,40.1502639,-74.8448876,5.0,5.0,1
xAAhPuZ8FG6OlvAw5m1BVQ,Willard Park,46201,39.7667851,-86.12748,3.5,5.0,1
DfGNZQsCe9k2BxazCf0p6g,Reno Family Chiropractic,89512,39.5576887,-119.791299,4.5,19.0,1
07JLsUInZr5OSiYH2XVi4g,Elegance African Hair Braiding,19131,39.9690954,-75.2255953,2.0,8.0,1
hPAmGKnDqummngSTOJN_8g,Timber Creek Park,08012,39.831468,-75.058986,4.5,86.0,1
ORL4JE6tz3rJxVqkdKfegA,Gaylord Opryland Resort & Convention Center,37214,36.2115923083,-86.6943191727,3.0,1639.0,1
1GnJDrpp-jyDRCptavD9RQ,Rita's Italian Ice,19014,39.8649175,-75.4275762,4.0,7.0,1
jkY8aotwcAlSHCgoZrF49w,Bay Area Appliance,33770,27.9251193,-82.7959877,1.0,5.0,0
YD_eZ4TaFrHYRrJVzOXHfw,Passport Health,63117,38.6361966,-90.3457542,1.5,11.0,1
P10BsKUeoeCeVoK4BS2u0w,Trust Me BBQ,33569,27.8652573,-82.3260903,4.0,29.0,0
7Du9oW73YcYFmXdtU5aiSg,Kinjo's Japanese Restaurant,33710,27.7972626,-82.7339127,3.5,17.0,0
h_qlv6CIXGVurFOhFQ945w,Tim Hortons,T5S 2X1,53.5599789914,-113.6162690363,3.5,6.0,1
QjV4v7q_pt7tt3K1US7IHg,PDQ Temple Terrace,33617,28.0548882706,-82.3995484,3.0,5.0,1
LGqiubTmpJ-A1L5n7dmc6g,Domino's Pizza,70058,29.8753202,-90.045817,1.5,14.0,0
FTFtoylMzkrzqNVSl-bkKw,Giant Food Stores,19103,39.9565280024,-75.178013742,4.0,19.0,1
59jkCUm4yHciKL1KW_1HJA,Roma Pizza & Italian Eatery,18976,40.2295269733,-75.1310898382,2.5,25.0,1
AzwiKZjVqHOxLaYtPAx8lA,Target,19095,40.076229,-75.155305,2.5,37.0,1
yM8LlTInbQH4FwWC97lz6w,McDonald's,63104,38.6124951839,-90.2219420671,1.5,100.0,1
tVdJ7CgBGAQ_nLomYXbB-Q,Cunningham Pest Control,19083,39.9727224,-75.3154587,5.0,5.0,1
x8KYhsxbufQiYIK-4MRzHQ,West Coast Roofing,85749,32.2104465,-110.9535711,2.0,13.0,1
3S9GYtMOYhbZl4MMPOHT0Q,The Handlebar Boise,83702,43.62001,-116.21279,4.5,34.0,1
znL4YrNbA2uwOQ3CchkmEA,Seaview Condominiums,33708,27.798503,-82.7987502,4.5,8.0,1
CtMEJxpVMlNzFpB4PtFjfA,Aussie Grill,33559,28.192191035,-82.396367,4.0,75.0,1
O1oZpbZNDMH_gz8DhsZCdA,Wendy's,19124,40.012141,-75.1150148,1.5,15.0,1
vPcfJ3rm3NpdqVDod2WxLA,China Pearl,19047,40.2177843,-74.9265858,1.5,27.0,1
HI4_NqeHMJOnMoVFNxaFyA,1-Hour Auto Glass,85742,32.3475108,-111.0165608,3.5,21.0,1
pmuuoDqNZp7518AUd-YmPA,Bagelicious - King Of Prussia,19406,40.1124813,-75.3799748,3.5,60.0,1
EDNYAyVc_WFhM3CD6QVD4A,Ottewell Animal Clinic,T6B 0P2,53.525585,-113.427076,4.0,13.0,1
tyJwgMRwo21wLUsga_RkQw,Blue Water Dental Care,89509,39.5062237,-119.8167371,4.0,10.0,1
2dlQX5sP9X6Dlm1MmNOlSw,ReAnimator Coffee,19125,39.9764555,-75.1270254,4.0,105.0,1
IYlUaKC9nICjiWdk-ShPlg,Bub's Cafe,46032,39.976614,-86.130124,4.0,175.0,0
8oi1Gm7XLyK31Y3N3Wp2Ig,A & A Complete Services,62285,38.3935,-90.0107,1.0,11.0,1
hdRtVNk-G9Ep4eaHPKXmfA,Carpet One Floor & Home,85737,32.4058647729,-110.949274038,4.0,7.0,1
tSFXJ0GFl5iUdy021YgWLw,The Mad Griddle,46201,39.781126,-86.1241235,5.0,7.0,1
UoKkgWmE9-c3wbWwO4VAVQ,Beaver Hill Condominium,19046,40.094306,-75.1352466,3.0,5.0,1
Nh1rc9aSeO-Y5lYmXVS6CA,Quality Inn Nashville Downtown - Stadium,37213,36.1688337591,-86.766910851,2.0,53.0,1
r_8FZXRkGoc5QNbTOAIftA,MDG Salon Studio,46204,39.7725103235,-86.1626825258,4.5,85.0,0
ZU6NodDOWaabGkeNpOWdXw,530 Pub & Grill,33755,27.9657471097,-82.7989008,4.5,6.0,1
LVYAXWQB3t7tdwWteyjfhw,Option 1 Barber Shop,33615,27.9987001903,-82.5822531301,4.0,16.0,0
mq5Z9X7yxgyApILQ11niNw,Wendy Warner- Medicine In Balance,19047,40.1884442241,-74.8773210502,3.0,7.0,1
X0V_PdBTS_SwNxMY2795ZA,Toys R Us,85711,32.2226061,-110.877255,3.5,12.0,0
ONUZertKOOImiyQG66Z7Tg,Zakian Rug Cleaning,19131,39.9791075,-75.2177555,3.5,26.0,1
ULReFPrCIDRbGKwP3ZsHwg,Eddie's Southtown Donuts,63109,38.5857552,-90.2768425,4.5,55.0,1
25Uww0C0wvF9CZ_3B6vWtA,Enjoy The Mountain,93105,34.4143420056,-119.6873324599,4.5,48.0,1
rCoWa-C7Os51GjFkCnFlVw,Rite Aid,08043,39.852159,-74.98264,4.5,6.0,1
Dtuf4vD0znzwJW9vk3iTNw,Tomo Japanese Steakhouse and Sushi Bar,46240,39.8887246,-86.1212129,4.0,246.0,1
8c0r7olQSYGcws0bTd3ikw,Zesty Tsunami,34653,28.2502179787,-82.6824409515,4.0,5.0,0
QU-X2Pijwd4SitfYXoZWMQ,Mason's Tree Service,19380,39.9606643,-75.6054882,3.0,9.0,1
Ucl9Vo5lwrUmYbV8Dv8X5g,O'Briens Irish Pub,33618,28.09236,-82.500588,4.0,108.0,1
cSeA6pC9JUlGfz-RNfvnGw,Midwest RV Center,63129,38.4641559029,-90.3716691032,4.0,33.0,1
WdrpkH-q7FQY5nclmPfoDQ,"Daniel Colombo , MD",89521,39.4289221,-119.754142,4.0,7.0,1
xF9r1XbMvEOsJeHlmFhIvw,Weddings in Santa Barbara,93109,34.3982982,-119.725931,5.0,13.0,1
6BF3eaIzHtoNHSxKTFnTyg,Mister B's Cigar Box,46123,39.7627741475,-86.3793863588,3.5,13.0,1
wjyUxHxkrvUvCOVqy4g_wg,Oscar's Cafe,63121,38.704765,-90.299811,4.0,11.0,0
do6EpBc7ZUoaqdzuUuGFXA,Jim's Auto Detailing,19087,40.0475203,-75.4091453,4.5,8.0,1
4IcB3QyMEA85UTWFKh9O9A,Eat Mah Taco @ Pal's Lounge,70119,29.976762,-90.086423,4.5,8.0,0
_mf0QKI1Jlk8zRinr-56FA,Jaguar Nashville,37027,36.0360616142,-86.7973280942,5.0,10.0,1
h_3oLlQ_CFohwlzsrSZ6xQ,The Waxing Queen Of Tucson,85716,32.2218494,-110.92845,4.5,17.0,1
Y6heWJJ9AmEL58fZwgi9YQ,Rosati's Pizza,85741,32.3387235226,-111.0303098651,4.0,58.0,1
bTve2mwLk5Zc01vRKqc2KQ,Red Hook Coffee & Tea,19147,39.9385518,-75.1496356,4.5,183.0,1
7FHjj04Wy2aqXl22NA_C0g,Aldi,46256,39.9250893,-86.0342432,4.0,18.0,0
TF6QZYUR5atqBEFnHP5bOw,The UPS Store,89521,39.4369354248,-119.7573776245,3.5,27.0,1
WveinioyAZg3dtt0zHsyHA,99 Cents Only Stores,85730,32.193246,-110.839627,4.0,17.0,1
D9Xez9uOSM4DgSjSTywq7w,King of Jewelers,19106,39.9489024,-75.153854,4.0,5.0,1
6czqMScx8MRDirv7fxX7pw,Frankie's Fruit Bar,89502,39.4928018965,-119.7929971762,4.5,34.0,1
bi3SICnYEuFC7Cihyqz8Nw,Thach Used Tires,33619,27.9232395,-82.402873,5.0,5.0,1
xbRbvXSAVZBEwaUUn3mzbg,Lee Roy Selmon's,33618,28.0787347875,-82.5063104158,3.5,42.0,0
qb5pyP6XOS8K2uuC4eQHmQ,Union on Fletcher,33613,28.0699667,-82.4187315,2.5,8.0,1
CWE-NfyMgi28ePUiansSdQ,Jim's Appliance & Furniture,83706,43.6072576,-116.2127303,3.5,24.0,1
uDQgmudYDKiB6n4vwbEeDg,Chrysalis,37067,35.9565328581,-86.8027199385,4.5,112.0,1
MyE_zdul_JO-dOHOug4GQQ,Watson Adventures Scavenger Hunts,19019,40.1197128,-75.0097103,3.0,8.0,1
v5kwdvmg-J8g-ll0nkc3Sw,The Libertine Liquor Bar,46204,39.7672488945,-86.1567753553,4.0,208.0,0
8p9euqoMCbT4AIL_Fgqb0g,Ballistic Fabrication,85705,32.2792548,-111.0095518,4.0,5.0,1
bqmX882_6AxVA_uHEQ70sQ,Shanghai Station,19104,39.9516153765,-75.2033457223,4.0,46.0,0
my0bmPD5dgDFE1ia__LNlw,Nails & Beauty Lounge,33511,27.9371659,-82.2699586,3.5,84.0,1
8ThWgxiTB83nrIGbZQnNBg,Creature Comforts Pet Sitting,19003,40.0021177,-75.3004009,5.0,10.0,1
TzrA1TsKMKbrZBkw3q6DEQ,Scout's Treat Truck,46250,39.904342,-86.0631561,4.5,20.0,1
Edg22x3CZkIv0GUib2oEFA,Mellow Mushroom,70118,29.9486236188,-90.1312502816,3.5,149.0,0
VVvUBlc_WIEb8obKGq39dA,Four Green Fields,33607,27.9803985924,-82.5377866183,4.5,39.0,1
FR5xx5YEzxAnoMdqGl7vRQ,Anytime Fitness,70122,29.9991154,-90.0607732,3.0,6.0,1
py5aKmlTB2NarfsfcOpHOQ,Cafe Con Leche,33607,27.9767745,-82.5374233,2.5,55.0,1
jL_NufxqXi-BpW5uXKsPwQ,CVS Pharmacy,19128,40.0612774187,-75.2372046062,3.0,11.0,1
wZhGuW7vQpfhxeEvLHkTrA,Express Cafe,83642,43.6196488,-116.3871392,4.5,119.0,1
vjLSYNGFkPu4Y5HKoJlzYg,Rancho 777,89512,39.5323474847,-119.804255405,2.0,5.0,1
pIUQz-zGw-Nu_Pu-qoTGuw,Western Endocrine Associates,85715,32.2457767,-110.8573874,2.0,15.0,1
I3ZLcrGzj-QN5vFgaJFrAg,Golf Galaxy,19312,40.0676702282,-75.4496971643,3.0,25.0,1
Tm3QiAVLJAR2fEJK7APPPQ,City Fitness - Northern Liberties,19123,39.9603427,-75.141951,3.0,131.0,1
rJXa375PYt906DwptOOP3Q,Master Bait and Fishing Supplies,33615,28.0022293,-82.5943283,4.0,8.0,1
YR0nwxBOKk6DiLHNItfsBQ,Boston Pizza,T8N 5H9,53.625071,-113.6166452,3.5,14.0,1
X4loIesbBkiTZLFstHv8Kw,Diagnostic Imaging Services,70006,30.0063304534,-90.1793702454,3.5,10.0,1
n8ecak12IF_jhnPNs37AZA,Baltic Bakery,19125,39.9768798,-75.1161695,4.5,12.0,1
jnyHs1ZXy9qIE2gORZBQMg,Style Lab For Men,70115,29.9231001,-90.0883492,4.0,6.0,0
xloFoRiYlH4IKGz3FhTDpA,1-275 Rest Area Manatee County Mile 7,34250,27.5843003458,-82.6139500829,4.0,5.0,1
s_lHc_CrkzOTY3k4VNtN8w,Indy Fuel,46205,39.827681,-86.135008,4.0,28.0,1
zzUxvYE-8Fj_dWqsPcagNg,The Cleaning Authority - Tucson,85713,32.196817,-110.9656358,2.0,25.0,1
jcL_qaGJiappzpnn-ifSoA,Fat Jakks,T5H 0V6,53.5515508,-113.4951554,4.0,8.0,0
rYOrSXy2I4BcxB7dhg29uA,Restoration Hardware,37215,36.107591,-86.813774,3.5,71.0,1
s-A1_pxGRYL2x4gONVzvFA,Easy Rider Repair,19064,39.9304833,-75.329557,5.0,13.0,1
_T0cPZE2ZJOTTlYYKMP64Q,Brown Sugar Bakery & Cafe,19139,39.9563959,-75.2253784,4.5,66.0,1
dJfkfBbJz7wi0RgW-ph_Eg,Sake House,33617,28.055212,-82.399374,3.0,140.0,0
VbItL6RDULtnw4YvB6EhVg,Jon's Bar & Grille,19147,39.9412993,-75.1477446,3.0,178.0,0
OIsLivxtTTqH7i1QISoUOQ,Villas at San Dorado,85737,32.398472,-110.9542611,4.0,7.0,1
W57cR9a7XP6RX56MSWHJJA,Las Margaritas,70163,29.95029,-90.074887,3.5,58.0,0
35dqrE4z9qWCtCn749oorg,Rippy's Central Pike Collision Repair,37076,36.1859086,-86.6274188,2.5,5.0,1
gYMOrd8xnZF-B61lwGiFUw,Inkorporated,46112,39.8433769,-86.3977735,4.0,6.0,1
6bFx8j2KqPfmT0XEUS1RMg,Center City Emergency Dentist,19102,39.9497345,-75.165436,3.5,120.0,1
x7_p5O3ChQa7shdHCcLHZQ,Olivier's Creole Restaurant,70130,29.9510658,-90.0715323,3.5,172.0,0
G2Byuh4EVeSnqqWBWtD7rg,Wissahickon Cyclery,19118,40.0695589,-75.1995308,4.5,18.0,1
JF7iyI3wA_AKi_iXOKi0Qw,Parlor Suburban Square,19003,40.008645,-75.288802,3.5,61.0,0
vSE6lkp5FBcttPxEbQ9XCw,Kim Kelly & Co Clinical Skin Care,18901,40.3311267851,-75.1371342508,5.0,7.0,1
iolaqx0v6g-fymksGWIU9A,Camden Bay Apartments,33635,28.0112177255,-82.6113298722,3.5,53.0,1
G89OuZ3sIEfOR5cXeDqNaA,Bulls Barbershop,33617,28.0464757264,-82.3928064047,5.0,5.0,1
usv5G5cO314pPHRTGq2Eyw,Best Tours,19019,40.1197128,-75.0097103,1.0,38.0,1
gRHd5bRosRWQBckzPawf-w,Blue Wren Studio,46203,39.752691,-86.140975,5.0,7.0,0
xa6JYHDgVza7CuenKBJBHw,Taqueria El Sitio,37076,36.191654,-86.6254189,4.5,8.0,0
1dSKEitDDgIkaApe6UNMSA,The Pepper Pott,37209,36.1530043,-86.8433279,5.0,18.0,1
rZw9O5lJ36m_mXeRKE4G9A,La Sponda,19335,40.0062075104,-75.7044510304,4.5,29.0,1
dCITjr2RMTmrX33_eFaMKA,BurgerWorks,T8H 2A3,53.5426345,-113.3111322,3.5,17.0,0
CLEWowfkj-wKYJlQDqT1aw,Blow Bar Express Styling Salon,33609,27.9419745389,-82.5053069603,4.0,55.0,1
YG0OOMLP3MWYPKHpkA_mew,S&K Salon,85743,32.3622562294,-111.1197053374,4.0,6.0,0
Pr_Mlt9FqdcW7WCFGJmozA,The Cider Factory,89440,39.305224,-119.652596,4.5,104.0,1
-7GDqSUaXrpC8Ql7nDBxWA,B2 Bluefin,19004,40.0079839104,-75.2126064939,4.0,92.0,0
6I_DA3uqOox50rBvjrQ_-g,Aloft Philadelphia Airport,19153,39.8911246892,-75.2342512699,3.0,175.0,1
zn-WXkqHag5FSVc_LC9dEQ,Renee Hair Salon,19083,39.9722710087,-75.3138364272,4.0,5.0,1
IYJOfQ6eFVHKCfJck59YIw,Bob Kramer’s Marionnettes,63108,38.6380462,-90.2480607,4.0,5.0,1
e8pMCk4bE0U4qk7z59Lxkg,Federal Donuts,19130,39.963042,-75.1741858944,4.5,11.0,1
qps-oF95uqPoV7fiXn-dpg,Bear's Skin Art Studio,T5P 3M8,53.5612008627,-113.5670928251,2.0,5.0,1
Q2sKrIaEZsFN7VNjkibyfQ,Accurate Window & Screen,33604,27.9989575,-82.4514338,3.5,7.0,1
IAj1Lw3FAOY-yZn4IO7ElQ,Baum's Dancewear,19148,39.92745,-75.1660349,3.0,17.0,1
en_F2VgZPW1RCnWkPyCrhg,Belle Chic Salon,85737,32.4221017,-110.9623526,4.5,19.0,1
cEqDvn5VuX8nQ_vqs6_xog,Alex Smith Hardwood Flooring,19335,39.987801,-75.757578,4.0,5.0,1
aNLr1j_3CZ46rqiUeLaQ-A,Chinatown Market Shoe Repair And Tailor,19107,39.955126798,-75.1574422458,5.0,23.0,0
tuyCmcmm5Q-bc-9zV76xKA,Pho Friendly,08638,40.23547,-74.7532115132,4.5,93.0,0
96qKAK06EdkG6GPVxKDdTw,Goin' Postal Westhaven,37064,35.9292046,-86.9195922,3.5,16.0,1
yZP6Z8sbDpkeXyjNMDiyDg,Guess - Walnut Street,19102,39.949452,-75.1670279,3.5,9.0,0
kR4tXc1fLeR2QNu8cMZrEg,Bustleton Radiology Associates,19115,40.0870701,-75.0353514,2.0,13.0,0
V-96iACFgPmVjjKACGxd7Q,Fusion Pizza & Grill,19115,40.0839955,-75.0354963,2.5,6.0,0
p184f-Zvf4ToPwLba0VS4A,Misto Diner,19020,40.1447023,-74.934106,3.5,26.0,0
WcSpc5mcfa7NUZ9GQgx0Tg,Endless Summer Tans,85719,32.2356889,-110.9464624,4.5,9.0,1
zVlhs7BVaouutt-rles-YA,Williams Sub Shop,33709,27.806517,-82.749065,4.5,99.0,1
1E9o1SNo7UTf1XHTFPv1_Q,Franklin Juice Co,37064,35.9326054453,-86.860662065,4.5,66.0,1
0CEUpFtaKhxbmrbSdP9MUQ,Acadia,19147,39.9389483,-75.1564078,4.0,79.0,0
CPor0p2hvvHJJN4L0U_zEg,Ann Becnel Companion Dogs,70124,30.0017108,-90.1146572,5.0,20.0,1
f82dhKNiUXsDVPMLqKYiIQ,Sher-e-Punjab,85719,32.2509598946,-110.9591583204,4.0,446.0,1
FF45pKN_lzqG8Bqk-_HQvw,Go! Gyro! Go!,63116,38.5844866,-90.266699,4.5,49.0,1
GrzCVNDTRODqNez4zb4RLw,The Music Box Village,70117,29.9635911,-90.0292571,5.0,22.0,1
DeN5N6B78gysROm_Sq2kWA,Little V.I.P's Preschool,08031,39.8654263,-75.0680731,3.5,7.0,1
scychO44eMoosS9iEBV7xw,Foot Massage Reflexology,85715,32.252342,-110.841512,4.0,21.0,1
IOZrqUQ2Jg6UeQ5CWpsmkg,Nesbit's Magazine Street Market,70130,29.9504773,-90.0679445,5.0,7.0,1
TEP-73fGvgSUmtQFaOTA_g,The Steak Out,85658,32.424551,-111.042885,2.5,30.0,0
28FfSlW07o8GTwOrbfNMHA,Bronze Lady Home Furnishings,33708,27.8037453386,-82.8031028436,2.5,5.0,1
Ir5Ts-NC7DDTL3XLizhV3g,City Center Park,46142,39.612805,-86.112796,5.0,12.0,1
nSyOBxBRMugT3sKeT4YWBg,South Cleaner & Tailor,33611,27.8798076,-82.4936332,3.5,9.0,0
I0gSLthWBsiUPzBft_CZ9Q,Marino's Auto Repair,19145,39.9254629,-75.173622,4.5,15.0,1
NBgbL_KQTRRLQPQQtmUkYQ,Mr Wizard Worcester Car Wash,19403,40.1613222658,-75.3808923571,4.0,7.0,1
dhz3m3xUFy6-BrU9xTfkow,PAWS  Plaquemines Animal Welfare Society,70037,29.8938336797,-89.9798587105,3.5,5.0,1
bDAlJYMIzwOewIThe2IZjQ,Domino's Pizza,46221,39.699929,-86.2416313,4.0,12.0,1
b7YJrFZWZdI2C5-9nZvVdw,Saltwater Grill,70118,29.944454,-90.133537,2.5,34.0,0
6WBHCXHfLAG26n0ALAkoPA,U-Haul of Somerdale,08083,39.8490746,-75.0228262,1.5,11.0,1
xvFV3ENVa_9POy_grBs03Q,Warminster Veterinary Hospital,18974,40.2012588,-75.1005572,4.0,12.0,1
2FR-xWttfR8qaODqcuExvw,Pls Check Cashers,85705,32.2717394,-110.9723419,2.0,5.0,1
SGigkw0zqh4TTXferq3XGA,Sparkle Cupcake Company,37167,35.9873329,-86.5469148,4.0,5.0,0
x9xBKymj6CJ2WuCCFInb7g,Fine Wine & Good Spirits,19078,39.8790789,-75.3227924,3.5,8.0,1
SRexiuEsx1d9-dZVUsssQA,Brandon Burgers,33511,27.9373704213,-82.3077001423,3.5,24.0,1
xJyp6RLqNRv3tSu6njPKxQ,World of Beer,19341,40.0236651,-75.6291878,3.0,208.0,1
bwL2TymVrYekkkKztKyiwA,Bourgoyne Guest House,70116,29.960205,-90.064396,4.0,7.0,1
-VBhLd8DAz2VyDF3YBMH4g,Heritage Hardwood Floors,33714,27.82573,-82.694405,4.0,11.0,1
1P_mGUY1PyPq7_ZabrzpBw,Carmine's Steakhouse,63102,38.6243584,-90.1886849,4.0,261.0,1
mHDBZmEH0Er3184YS83_LQ,Splash Car Wash & Lube,33511,27.8939198,-82.2943716,2.5,50.0,1
XwoXi0M66RU6Gouq-DSDHw,G Peppers Grill & Tavern,33556,28.0921362,-82.5785736,4.0,82.0,1
1vmx7_L210UBbOWLzrhepQ,Chicago Music Store,85701,32.2213692,-110.9683558,4.0,44.0,1
ZiJfb924ewMO9S2f-9W9Pw,Advanced Towing & Recovery,37210,36.1397600339,-86.7380914652,4.0,15.0,1
OfW-VK04qr7b7bPm5QbyLg,Taqueria Feliz,19044,40.1807271,-75.1346993,3.0,77.0,0
dP_1jbKl47-9Ty83RyeJDA,Washington Memorial Chapel,19481,40.10001,-75.462631,4.5,5.0,1
Qa1YQzo00sm9O0JUlwdCQw,Taste of Nawlins,70116,29.9580151,-90.0618951,4.0,178.0,1
0DbIUh_Xuj6H5B_SF0RLCQ,Iguana's Mexican Restaurant,46112,39.8518617214,-86.3847577572,4.0,74.0,1
bSJczuohHVko33UT82hnfA,Blaze Pizza,70113,29.948395,-90.075281,4.0,302.0,1
7hSJSIBUP1UQncD4xWPDqg,The Delaware Contemporary,19801,39.7382891,-75.5601479,4.5,11.0,1
cSigjSbOfHR_mHGTCmJTaQ,Kids 'R' Kids of Waterset,33572,27.7705318,-82.3703483,4.0,6.0,1
PCM-vL-vRLJ4HB2OE8Nnbg,Baxter's Saloon & Grill,19355,40.0536347,-75.526719,2.5,31.0,0
yooufdsf3eAVq_9RQNSDJA,Mazzoni Center,19147,39.9426271,-75.1650829,3.0,46.0,1
8YJtf5v76SIz-4udyF4YmA,The Hideout Coffee House,33511,27.9344684803,-82.2878021747,4.5,22.0,0
rmHgqdVkLsGN2byesWRo0w,Brewster's Pub,08052,39.9394973,-74.9743023,3.5,12.0,1
6zBCuzJwov08YisHZkfU2Q,Enterprise Rent-A-Car,83704,43.6190157662,-116.2967492044,4.0,13.0,1
JfGfqCnk0-Tnf6PlahPUJQ,Burger Village,T6W 0L9,53.436403,-113.604288,4.0,10.0,1
aNXw3PkXVt8ANwLyCfcmpg,McDonald's,19446,40.2637063378,-75.3179157563,1.5,17.0,1
gbetDRjllP5cOxaWxFjGHA,Pretty Nails,34655,28.237112,-82.6680235,3.0,6.0,1
RI8tdJy90bfApk836eF-ag,Solid Wood Cabinets,19462,40.1124281,-75.2857653,2.5,8.0,1
vweEeZwiaRRWX2Cu9Iq66Q,Bodyworks Salon & Day Spa,33706,27.7305212,-82.7452183,2.5,6.0,1
GVqXNt0HKJLpciN9ePxnWw,Crown Fried Chicken,19146,39.9368911,-75.1672837,2.5,16.0,1
KUx_q3nzqUINYgUTrZc9OA,Pita Pit,85719,32.2319918,-110.9584924,3.0,9.0,0
j-PaHu9iyJBlzKJZYN2smA,Snacks By The Pound,19038,40.1001131,-75.1515328,3.5,8.0,1
Ot4bRWWO681vXZIgnLfjEA,Arizona Tile,85719,32.2643502,-110.9593721,4.5,16.0,1
OURGUNuoVqPGxZTZsxZQ8w,Indianapolis Army Navy,46219,39.7970658,-86.0632112,3.0,5.0,1
VeqkfRUzZAKlQer3npXPdQ,New India's Kitchen,63011,38.5920571,-90.5035651,4.0,130.0,0
JwBTq6IOFH97b9Hr6RT7pw,Reinette Café & Patisserie,T5T 4J2,53.5225968429,-113.61922974,3.0,5.0,1
dChRGpit9fM_kZK5pafNyA,The Love,19103,39.9506555,-75.1708991,4.0,618.0,1
uyc-S7lauYjzouYQ2TM76A,Papa John's Pizza,63136,38.7461593,-90.2798145,2.0,9.0,1
gRw-rxLFeNzyqa6hKPXD1w,Heitz Optical,62002,38.918418,-90.151949,4.0,5.0,1
FJDvhCGIwKuohPOK7JfLuA,Key One,85710,32.2165669,-110.8195292,5.0,73.0,1
2_gRg3_oWK3GoiB-OpcDHA,CedarBrook Deli,08018,39.721471,-74.9016858,3.5,5.0,0
7qDAeIsMVj1McNktlICETw,Contempo Hair Salon,34607,28.4939582,-82.6501344,4.0,7.0,1
YE2TePip0TxcdquF5hGauQ,JoJo's Hot Dogs and BBQ,37072,36.3260267,-86.7040631,4.5,14.0,1
nIn0fMn-SEjLdJ44SG4CKw,A Personal Touch Cleaning Service,19085,40.0468052,-75.3353875,4.5,7.0,1
-Ijm5ICZUZffTo3iumczrw,MedExpress Urgent Care,33771,27.892834976,-82.7845353864,2.5,39.0,1
KdkMXzeoqpfNsZd-_axoTQ,emPIEnada,89503,39.5428346,-119.8569115,4.5,41.0,1
0Xsmy6HtVVBlCbbMjRyzcg,Plaza Bowling,T5G 0P7,53.570501,-113.500041,4.5,19.0,1
iBRXLFWD7PeSYDbKsd_JTw,Mai Thai Restaurant,33511,27.8915738378,-82.2725105,4.5,27.0,0
3tX0CduxNIHgrxr6Toairw,The Home Depot,34691,28.1782261,-82.7424346,3.5,17.0,1
vFJIK-z3QWs-3XNjs1hcZQ,New Orleans Jazz Market,70113,29.9411590382,-90.0789941056,4.0,31.0,1
od6skmfXz9twktEAuJHEmw,Ryan Christopher,19072,40.0099504,-75.2591858,4.0,120.0,1
sUQ-OfJYSNfz-cimEjoaXQ,Soho Oasis Cafe,33606,27.9402059,-82.4828837,3.5,7.0,0
5gLjr0BZzm6EY07bp7_LSA,Templet's Russell Barber Shop,70114,29.9522516,-90.0545959,5.0,7.0,1
cDekcTE1qwpz8ROlYixhqg,Philly Homebrew Outlet East,19122,39.9736806,-75.1396479,5.0,32.0,0
5lcumCB7X0nH5PElagz1VA,Reid Park Mico's Corner Playground,85716,32.2097330593,-110.925515358,4.5,6.0,1
j9Kaj_6tSeXmVMYCgZithg,Noble Crust,33543,28.188219,-82.347274,4.5,496.0,1
EIlFs8kybcG-l60GJjNUIA,Domino's Pizza,34677,28.0420037,-82.6746125,2.5,20.0,1
SzHAnqwOuOmw0qh1d6ZAcQ,Cyclone Car Care,63119,38.5662003,-90.3487106,3.5,5.0,1
z9wCTHYI2VZy9YIblwSsgg,The Silo Eatery Coffee Bakery,33619,27.9464963776,-82.3555628732,4.0,5.0,0
cl5NjtALgaX7E-WL2DtiYQ,Liberty City Roasters,19007,40.100524,-74.865196,4.5,8.0,1
csJKpjAqZu42-pPhFLfPLw,Seven Qi Spa,70130,29.9544867,-90.07162,3.5,10.0,1
HsibLfc2XD7Gh7Hbd1WfJQ,Anytime Fitness,46032,39.9791471518,-86.1285750488,2.5,22.0,1
_7ks3u-qZsOTKBrXKcA1Ow,Empire Beauty School,46237,39.6664705333,-86.1006689072,2.5,14.0,1
nnHHPz4SKmDGxod16WxDxQ,Dermatology Associates of Indiana,46260,39.9096672,-86.1925912,3.0,6.0,1
8t6mbhBNAT027aeDQ4mR3A,Womens Health Partners,63128,38.5061431698,-90.3806634553,2.5,8.0,1
4xhGQGdGqU60BIznBjqnuA,California Tacos and Taproom,93117,34.4115552,-119.8550772,4.0,49.0,0
gVh26yEPkXSoWbhs1p2kNA,Gotham Escape Room,19102,39.955015,-75.1642969,4.5,23.0,1
juVJO2kMrHwCYXwQQmv1Tg,Sidekicks Pizza,46203,39.7520076,-86.1395724,4.0,45.0,0
pYC5fKcpj8GKjSAc7Sl3RQ,Main Exchange Barber Shop,33602,27.8623633,-82.4981215,2.0,7.0,1
IFDNP-n9bBN1egOsGADYYg,Elysian Fields Animal Clinic,70122,30.0019130082,-90.0591484085,4.5,7.0,1
Rad7bl6MFOEemh41CdREMQ,Isla Vista Community Bike Center,93117,34.4126811,-119.8575491,5.0,6.0,0
f55CXbSB-F8AZXNumZZlcA,Sonny's Phat Smoke,89503,39.5282020569,-119.8347167969,4.0,11.0,1
Rz0KfP7YAZV_yQE8uIB0fg,El Sabor Boricua,33612,28.0535153,-82.4534422,5.0,6.0,0
QWqKTWQ2OiDgo3dzNkpung,Jong Ka Jib,19126,40.0520643,-75.1273939,4.5,351.0,1
FAWhZ5nasogf2oG_9h7yjg,Storage of America,46219,39.771607,-86.038287,3.5,5.0,1
HPpKVvBT-2EeWNdy9cIjqA,Bus Depot Discount VW Parts,18074,40.3263279,-75.4768237,1.5,20.0,1
JgORpZ2kB8DG2MECu7jvkQ,Tat Starz,70116,29.9695644,-90.067925,4.5,19.0,1
CsjKkpApaYJDd5woO9sP4w,Petco,33772,27.844945,-82.792501,3.0,20.0,1
gTwgRz52imtyggXCrH2Xng,Domain Home Accessories & Gallery,33707,27.7379882,-82.7080321,3.0,6.0,1
Wt1W6qwCvna1KzIuJRJbwA,Tokyo Mandarin,08028,39.7119376,-75.1109667,4.0,88.0,1
KNfqu3kNwn6eDMJjP0cNcg,Dental Care at Quail Hollow,33543,28.2375794,-82.3471278,3.0,9.0,1
TO5-F6Rgt-_sYvRT9Cta-w,Apple Barn Cider Bar and General Store,37214,36.203404,-86.694768,4.0,5.0,0
L2TIgbnlsqRtqDU3FuW7lw,Coliseum Ballroom,33701,27.776811,-82.641157,4.0,7.0,1
REuCtUZ2MeehpDipAKBSmQ,Lens Crafters,33511,27.9404107,-82.3217459,4.0,6.0,1
eJ77e9lGxY3ArzaoDbHhYw,Paddy Whacks Irish Sports Pub - South Street,19147,39.9410539,-75.1454627,2.5,161.0,1
2M4pYfuivdluXyBOP7IDQw,Look Hair Care Studio,19131,39.9894332886,-75.2290420532,5.0,5.0,1
fNssGWMjae-SUzyyGblspQ,Apron,08033,39.8971069811,-75.0342256956,4.5,24.0,0
c16lBET8GKbGZY6Aegm_2Q,L'Occitane en Provence,33607,27.9646718,-82.5206425,2.5,6.0,1
QU6xxKwHXR6xQ5oi2yIKLw,Bulk Barn,T6E 4E2,53.517033,-113.496687,4.0,33.0,1
Vk3Up8OlB8h2ygVlvm8tBQ,Arcadia Landscape,85719,32.2185242,-110.9422112,3.0,5.0,1
TGr9-KKNk_o7HzqvtlKomQ,Window World of Philadelphia,19044,40.1794012,-75.1311418,3.0,12.0,1
kwQzVF5GP8DzdyBavvhIaQ,Fisherman's Cove Seafood,70065,30.0144336,-90.2402643,4.0,91.0,0
9X1_a2DQwBtXza-U1CfA1g,Century Auto Body,19004,40.0035262,-75.2315294,4.0,13.0,1
0Up4mOWP588Leb_dqoDiYQ,Rogers & Hollands® Jewelers,63129,38.5062356465,-90.3315210422,4.0,7.0,1
wFXwmrlV8TiBS4Ac2-W_9g,MOSI Food Truck Rally,33617,28.0536294,-82.4044188,3.5,10.0,0
ifjluUv4VASwmFqEp8cWlQ,Marty's Pizza,93105,34.4362361,-119.7261474,4.0,64.0,1
bNJSy64VXxQ3RZ8tNpM-fA,Parasailing The Pass,33706,27.7823648981,-82.7816953479,5.0,16.0,1
9RoAU2wAlH63Non9qrx3xQ,Gary's World of Wellness,19403,40.154956,-75.4013789,4.0,13.0,0
MlEhwiOJpKe7VuO-IDCZqg,Azure Hair Studio,83702,43.6192496,-116.2135189,4.5,9.0,1
bPPy7yNFfb-6N_bHkn1qAw,Taste of the Caribbean,46201,39.7733919,-86.0860599,3.0,17.0,1
i_cFU5_dQexbjJA9rmf_WA,Marcie Blaine,19107,39.950036,-75.162158,3.5,8.0,1
tUl_Lq8dM3T-NnM-u3szSg,Damaso Painting,19124,40.0149445,-75.0903154,5.0,7.0,1
bTC3m_GPWBp92Y5TTReyTA,Taco Truck Stl,63118,38.5939549,-90.2291931,2.5,10.0,0
Z3EIfrkSmOmE4hnc1BRo5w,JCPenney,70002,30.006267,-90.158554,3.0,23.0,1
wQjhFPMKwN_z85aPEn6V4Q,Thai Tanic,18936,40.2501841838,-75.2433013916,3.0,8.0,0
516L9-ZWyqVgzqjP5uW7Jg,The Corner Cafe and Deli,33602,27.9444574,-82.4578244,4.0,6.0,1
KDcHC6Es_jv4tloj0NP6gA,Family Air,85719,32.2201995,-110.9415829,4.5,116.0,1
7mpYTDb24SywNMRn3yeakQ,The Twisted Tail,19147,39.9418766,-75.1451988,4.0,604.0,1
_WRe3ql2DI_h3htr77Siew,The Office,89501,39.524816,-119.8160819,5.0,7.0,1
NpglDX_FUp3ybEzbBp4qhw,Summer Palace Chinese Restaurant,63017,38.6811546,-90.496384,2.5,9.0,0
iEC0VzHM2hQ13wM7c0QwgQ,Metro Diner,19047,40.180187,-74.87527,3.5,56.0,1
34YgAnnZAPOeu8E-6IESJQ,Think Box Photography,83704,43.6320897,-116.2863998,5.0,14.0,1
dK_qONtd5z73i6fQ1BTrTA,Draino,19148,39.9150107,-75.1585852,3.0,10.0,1
_raU4FUxWzx30V6DCDSKiA,Fleet Feet Sports,63026,38.5147339,-90.4494905,5.0,8.0,0
OlD8UoHqrKnLoZUFxuas_w,The Hip Hop Sandwich Shop,34608,28.4934721999,-82.546930168,2.5,5.0,1
C43IEVBroD_3YiumPPLLdQ,Half Price Books,46250,39.9048037,-86.0898087,4.0,48.0,1
xDEee0p41GueCDN0EAp-YA,Phone Repair Philly - Center City,19102,39.949485,-75.1673521,4.5,106.0,1
eq4xYdVExp3jLYAZ71uvPA,Fetch Academy & Dog Resort,46268,39.926237738,-86.2348430873,3.5,10.0,1
LFPJXiuM357JZ-d0vv6yxw,Wildout Animal & Pest Removal Tampa,33618,28.0720088,-82.5109518,5.0,8.0,1
NIV7uxsE8rn8cB1t-FsJHg,Saint Marys Medical Group,89523,39.51769,-119.88271399999999,2.5,26.0,1
qsCLpTsXayYMJ3-lJj_fyA,Pretty In Paint,33558,28.1943032,-82.4986764,4.5,8.0,0
D7z_V6E8cxXghSRcHAmUPg,La Bella China Restaurant,85706,32.149473,-110.9781864,4.0,92.0,1
u4cktT_mzitYexUsr_vKsw,Digestive Diseases Associates of Tampa Bay,33511,27.9263727,-82.2859355,2.0,11.0,1
uW2oyOCEN3RgS7j2MfUIkg,The Bearded Lady Barbershop,70130,29.9297373,-90.0761184,4.5,46.0,1
gb7JjRJtzWDsIWpJihZhBQ,McDonald's,08070,39.6773020944,-75.4953995347,2.0,20.0,1
JPm93BlP-UHYPqFgK66JUw,Local Links,08035,39.8826936,-75.0583844,4.5,70.0,1
c9xE6CyePzE1gONFxpTJWw,Appliance Center,33613,28.0745649,-82.4599126,4.5,11.0,1
Xj0SIY3dprQ4ZZ0lz8YmGw,Sam's Plaza Shoe Repair,19067,40.2083354009,-74.7994599431,4.5,9.0,1
-DXNvQLhKwunHzg8OjkwXA,Northeast Auto Service,46220,39.875143,-86.0824,4.5,54.0,1
9kCutyCm1b8UuCRJF3Hw5A,Hertz Car Sales Indianapolis,46240,39.9253438,-86.1131045,4.0,5.0,1
oy-n3wkXeK6NPPKf3uRDTQ,Element Granite & Quartz,19114,40.0740089,-75.0131956,4.5,18.0,1
YZuoaOzD49ffP10PNf72nA,Peace of Mind Pub & Eatery,46226,39.8545563,-86.0868326,2.0,8.0,1
0WIlsDUUFuUKcDfJPaHRkA,Temple University Hospital,19140,40.0054237,-75.1507198,2.0,67.0,1
LdQUIP4_DPnJjq-Jf2_iNg,Boise 4x4,83709,43.5778152,-116.2877241,5.0,7.0,1
VeFfrEZ4iWaecrQg6Eq4cg,Cal Taco,93117,34.4305419,-119.882367,4.0,189.0,1
5LbiHS5xbeKUxd9ulIJz4w,Alic Motors,83704,43.6198388,-116.2930669,2.5,20.0,1
5iuo1kvv0XZMS0bUOoLz2Q,Bistro St. Tropez,19103,39.9535919923,-75.1794226902,3.5,163.0,0
wwHswDU1t8T-8DAuKI3WdQ,Robbi's Custom Leather Goods,63109,38.5849132,-90.2928102,5.0,5.0,0
Dl1alpHSJE4_iB0MGKRLXw,Johnny Rockets,63042,38.7860901654,-90.4157752544,2.0,6.0,0
hsyIDX4x4ndYEvPoJF6_1g,Merendero La Catrachitas,63109,38.5787245,-90.2822168,4.5,22.0,1
dk9zGFRJD2RXkHqAmFHOOA,Garage Pizza,70119,29.9668143,-90.0895672,4.0,6.0,0
GMVVFox3a0ROMdofd68mZw,Affordable Lock & Security Solutions - Tampa,33613,28.07347,-82.459879,4.0,12.0,1
fCRGXD-TTLgNhaC4mVFFJQ,El Con Health & Wellness Center,85716,32.2212624,-110.9200676,4.5,18.0,1
rR30b1XWbxZFFgLyGbfNAw,BODHI : Craft Bar + Thai Bistro,46202,39.7802203,-86.1418027,4.5,132.0,1
g736EKijhJTrQbqoQAo9Tw,The Pet Trailer Mobile Grooming,33782,27.865613,-82.7199909,5.0,6.0,0
4QFqi8w3rlZTcc5LXKyPJw,Chris' Pizza Village Pleasant View,37146,36.387932573,-87.0147362534,4.0,31.0,1
XTWGzxXdQN0DVVH2GPGwiA,Days Inn by Wyndham Reno South,89502,39.472575,-119.788467,2.0,27.0,0
VKwPAl11iuM_YkEwm07sYQ,Hibiscus Spa,33767,27.9788772,-82.8279609,4.5,14.0,1
iONfxRWQqA8pAPMZFNLaug,Nutrishop,33511,27.9210171,-82.3272616,4.0,9.0,1
0HpYaBbRqaG1df4JckJoUw,Westchase Compounding Pharmacy,33626,28.0662007,-82.6354932,3.0,11.0,0
Cyy0zZz5ixYjSX4o4sacpg,Lip Collision,19454,40.2085934,-75.2826768,5.0,8.0,1
p79UR4tdHoJzmhwKmiXa2A,Sport Clips Haircuts of Springfield,19064,39.9386338,-75.3556319,2.0,5.0,1
qTjsoi0FCv93wxzl0puQSQ,Yi Fa Hair Salon,19082,39.9606936,-75.2628592,4.5,6.0,1
jfz_-ngCCAbKUziluLAgiw,Jaramillo Hair salon,19382,39.9610226,-75.6037869,4.0,5.0,1
Q9nC1l2V5wDyJpVb50OyLg,Bucks-Mont Environmental,18902,40.3296162,-75.0946266,3.0,6.0,1
wRBEBZ6TvMTuwosvBa72xQ,August Pearl Salon,37211,36.0431449,-86.7447411,4.5,20.0,1
hE1ouPLiGQiAkiOacnZVLw,Nevada Towing,89506,39.652461,-119.886915,2.5,18.0,1
lJfxS6RMzAQ7oy8F2vU3Pg,"C R Bhatia, DVM - Animal Clinic of Warrington",18976,40.250693877,-75.133774929,4.5,9.0,1
unkPNwxOxNQS5a5kPftLRA,Wentworth At West Clay,46032,39.9735828,-86.1990519,2.5,5.0,1
rrdSkNz4YG6eDgOq3ov0IQ,Thoroughbred Nissan,85711,32.207596,-110.881629,3.5,92.0,1
RsTF2skxLcp6qo9FdnA5PA,Pizza Hut,19047,40.21786,-74.9266344309,1.5,18.0,0
WZpCnvSQ-YGukju9r4Gd_A,Morales Landscapers,85705,32.2680738,-110.9923904,4.0,14.0,1
PXI7kvSV-NvWcqbI9jlmtg,Best Western Cedar Park Inn,T6H 2H4,53.4885913,-113.4935085,3.0,17.0,1
oBqjxbnNKILyCN1S8KKd_g,Cherry Blow Dry Bar,70005,29.999648,-90.125123,3.5,14.0,0
qKcEyi0idj7cTQYzbhuKkg,T-Mobile,19406,40.0911599,-75.358973,2.5,5.0,0
uYBx50Yl_Jc-UYwFzudBsQ,Chew Doin Fried Chicken & Ramen,62025,38.8105909,-89.9524841,3.0,10.0,0
bchZXVE4feVx4Q5rhIRCGg,NY Bagel Cafe & Deli,19131,40.0027825,-75.2222705,3.0,52.0,0
ith4RsN3YwQeE3WWQ3Af4w,Little Golden Goose,89502,39.5185256,-119.8050589,4.0,13.0,1
0Ze7pcwjyauf6steWfpV7g,Hand Grenades To Go,70116,29.9590929529,-90.0646781349,3.5,17.0,0
6MuGlWEZzKA2YtlY44Cksw,Pep Boys,19036,39.9058765,-75.2917441,2.5,17.0,1
GpFRwCHN0RI8yFbcfXjfUg,V Sandwiches,T5J,53.5417173,-113.4919398,3.5,9.0,1
cvrIE1rLPWk-Nxb_ZNv5lA,Candlewood Suites Tucson,85704,32.303741804,-111.009323614,4.5,29.0,1
MDP8K2NzEnCibFHa9XujWw,Recreational Integrative Wellness Center,19027,40.0754184,-75.12843,4.0,18.0,1
QZLOM3T6xl7y1Q6zqoqHWg,Freddy's Frozen Custard & Steakburgers,19015,39.879183,-75.396768,3.5,26.0,1
RZpEMG2ILk4bL3lH3ygRcw,Medford Village Car Care,08055,39.899973,-74.8231372,4.5,13.0,1
sXZGhglxCV7bO7mXe63A8Q,Epic Automotive,63114,38.6997469,-90.3459907,4.5,11.0,1
PENtXTN19SYMMmFYYbA_Gw,Lubrication Corner,37064,35.9222345,-86.8717248,5.0,5.0,1
NNcqCDV6PHhDmKY8fO6S9g,Reeder's Auto Tint & Ceramic Coatings,33773,27.8928435529,-82.7453122398,4.5,27.0,1
9qxMhGWjGsuPUoQB3Y74Wg,McDonald's,63101,38.6369079537,-90.1954829934,1.5,62.0,1
AgbRp5NLsP1-J1fdg6Hdcw,Hands On Bicycle,33755,27.963,-82.777749,5.0,13.0,1
U8N-E8P9UOL_g0VxMCF3Mg,A.K. Lube & Auto,37082,36.0820981,-87.0932682,5.0,5.0,1
EcP5_cCKZqtRv_HJiALMtA,IU Health Urgent Care - Broadripple,46220,39.870111,-86.140302,2.0,24.0,1
pJB63RaQpkTIKBhfTsLQQg,Biryani Hut,46060,39.9970877,-86.0023117,4.0,83.0,1
ufvaaDCkJj5pW4f7_DSN5w,Firestone Complete Auto Care,19047,40.18039,-74.87721,3.0,13.0,1
yUEeh9nwaycI6fKLruD_rQ,Silvio Hair Styling For Men,19103,39.9511109,-75.1738185,2.5,6.0,1
5XelZjHymGydI5qKE8BOrA,Yellow Garage Antiques,08062,39.730892,-75.2245237,4.5,7.0,1
Jov0PmO5g5lXGQyPiEZyXw,Colonial Frontiers,85719,32.218948,-110.956573,5.0,5.0,1
ngvE1G9IckUO-ljZBFo23w,Mumbai Bistro,19107,39.947207,-75.1572515,4.0,217.0,0
46_2e1hnQ4csLrYnhn6bkw,Whetstone Tavern,19147,39.9408715785,-75.1510468125,4.0,166.0,0
HqLOOpUax2dC8GYc0oqq2A,Family Carpets,08065,39.997699,-75.0245834,4.0,9.0,1
TGfPJHImEq6AQL9a1laxlg,Chick-fil-A,19114,40.08178,-75.0267907,4.0,80.0,1
xa28v84RtUPWQKuw_UQBXQ,The Main Lion Cat Grooming Salon,19301,40.042899,-75.488131,4.0,31.0,1
kxvOUehCtJAL2nYKkeiR-w,Incrediplex,46236,39.8660830813,-85.9750978137,4.0,33.0,0
CPgWuWGZ4v2sZr5_-1kluw,Checkers,19121,39.9719414,-75.159771,2.0,21.0,1
uU9h_l5WSTY8fKVU2nx2Cw,Foolish Pride Tattoo Company,33713,27.7715736064,-82.6756190881,4.5,36.0,1
xvAkaDEOOUloROkX0j4C-w,Dwight's Auto Glass & Tint,85746,32.1329588,-110.9953214,3.0,23.0,1
5SV2YI6MBSOWaEwB8pBHtQ,Collective Concept,83702,43.613448,-116.1999702,5.0,9.0,1
gu2-TPPdyQyHl2CnPb7Xjg,4th Street Nails,19147,39.9390124,-75.1496014,4.0,44.0,1
Eb8GseQXa1ZICrmCwbXmPQ,Yerli's Alterations & Tailoring,89502,39.4715307,-119.78243,5.0,12.0,1
O5Obr4roy3Fd-nQXkfk7TQ,Man of the Soil Landscape Builder,85704,32.3499855,-110.9770334,4.0,9.0,1
VCkSUsdL5P0p16DAPxVROA,NY Bagel & Deli Shop,19123,39.960811,-75.1573883,4.0,31.0,1
dIpTuL2T1L98GQGU17IeSw,The Bricks,33605,27.9600238,-82.4444005,4.0,548.0,1
kKb00Oj96n5YYqMSDzx1IA,Lush Ink & Skin Studio,89521,39.4395089,-119.7600672,5.0,6.0,1
Oy7rU9H76PN1hsDU9EUt5g,Philadelphia Room Escape,19102,39.9502871584,-75.1666990731,4.5,31.0,0
2ahg0y3bmn8gRo0aGrFiEQ,Wink Lash Studio + Bath Bar,89509,39.505012,-119.815995,4.5,15.0,1
XRkzSBTroG7kIdI7Z8ic6g,Piccadilly,70001,29.994939,-90.18365,3.0,51.0,1
bf34LpGej_MZbOlAKB1beQ,Sherbrooke Liquor Store,T5L 5B5,53.5710863856,-113.548768193,4.5,77.0,1
4pS7qnjJ7_DCoJB-Enl7KA,Prop and Decor Outlet: The Tent Merchant Inc.,93101,34.4214452,-119.7014496,4.0,5.0,1
5VYkn3vm4teAiLVeuT89Qw,PalmerCash,83704,43.6082983398,-116.2906438802,2.0,6.0,1
SoJwDKedR7SJh7-G69C38A,Hong Kong Sunny,18938,40.3639078093,-74.9660219123,3.0,18.0,0
sKdF_rwYyLa2NM1dlG0-Sg,Riverwood Apartments,89502,39.528620000000004,-119.802018,1.0,18.0,1
X7FQ5k29A_RRYep7TOfjtw,"Dawna Ara, DACM, LAc",93105,34.4392950745,-119.7443122433,5.0,54.0,1
8zsUZsQtRPHYW4gD5puiqQ,Valley Cleaners,89506,39.6260045,-119.8826598,4.0,16.0,0
FW1PXpUq-yOs-5O_gqz3AQ,Big Mike's BBQ,33615,28.0114997,-82.5828401,4.5,32.0,0
dgMuYzYRXji7PGFmnUs3aw,Sign of the Arrow,63124,38.6378129,-90.390423,4.5,5.0,1
1tLrjXG-I9hkOoZxlbwDqw,Olde Black Horse,19401,40.1083808,-75.318943,4.0,9.0,1
SlLfWzeYOrVBxCd-0QILZQ,The Boiling House,08003,39.8996609,-74.9532997,4.0,238.0,1
adATTqggIQX5xxLDISkFTw,Just Churros,85705,32.2712313189,-110.9920754497,5.0,25.0,1
pNu5bd9aL3jcJClfdQ86MQ,Momo's Ouzaria Taverna,63130,38.6603769097,-90.3371429443,3.5,243.0,0
bdfZdB2MTXlT6-RBjSIpQg,Pho Bistro,93117,34.4129345,-119.8555307,3.0,184.0,1
vxrGNnuEef7YCfB7mN08rA,Dunkin',33777,27.8718285,-82.7502853,2.0,8.0,1
1EokZOnCDkjv2VtPtplyHw,Reno Downtown Joint,33701,27.7717231748,-82.6383055959,4.0,10.0,0
yuangT-PWlF-YRbgN6M02A,Jos A Bank,33629,27.964721464,-82.5198229405,2.0,9.0,0
ZpmSEd9N042IJanBiKlKiQ,Smoke & Thyme,83702,43.6111922,-116.2062753,4.0,19.0,1
OYmwoFmoEIA0rx7jd6ZWsg,Tattoos by Taz,70122,30.0008418937,-90.0582931191,4.0,10.0,1
42OM20QndpmsOSY6ccudBA,Union Teller Delicatessen,37219,36.1648001,-86.7799287,3.5,6.0,0
lAd7PwbmfpirUngbb6uCiA,Studio 240,08096,39.8338475229,-75.1561730444,5.0,7.0,0
hx-qUirkgRqX2Bk8A2U0nA,Pima County Fair,85747,32.0482633,-110.7738958,4.0,40.0,1
D5DBDShzSVx_gQtdIbOqZg,Public Storage,46227,39.660383,-86.126028,3.0,11.0,1
TapXvuOEC3qGGmlf03INnA,Addendum,46032,39.96917,-86.1273964,2.5,9.0,1
SwWfW3vBn5QkDE7T3urGAg,Persis Biryani Indian Grill,37122,36.162142,-86.516006,4.5,246.0,1
1s-vqaaGLscl7h4XIDO7LQ,Brilliant Nail Spa,37067,35.9326514238,-86.8246329642,4.0,74.0,1
W4rgF_1eKzFZiGUOsgbGMA,Amber Indian Restaurant,46032,39.9710819,-86.1601728,4.0,243.0,1
yN6jZyG1G1FG_HCZQlJZ1g,City Barbeque,46038,39.979376,-86.001692,4.0,188.0,1
00szsg8vQy6yX5f-m9sI4A,None Such Farm Market,18912,40.31862,-75.066274,4.0,36.0,1
WmnPtMtY0elYVStooCTfng,Barista Cafe,08065,40.0043533,-75.0222651,4.5,12.0,0
wCgIJhH_CTuwsSZPcafkng,Dunkin' Donuts,46227,39.7038868163,-86.1483024479,2.0,19.0,0
wOUJ-duIHPdRiV0af9s0xA,Quality Inn & Suites,37122,36.16979,-86.51527,1.5,22.0,1
PW5eZM5RAQEhy3wgovChhQ,Cafe Victoria's,19107,39.958422,-75.158257,3.0,29.0,0
QTsscMMSMJbWGjGktvQwZA,Modern Printers,83642,43.6105119,-116.3913359,4.5,5.0,1
jGewGnIYcf9LFBcR8lMC5g,Picasso Restaurant & Bar,19063,39.9179115,-75.390854,3.0,34.0,0
quv6eMqyJ1NIkjPgIgS65g,Gasparilla Pirate Festival,33606,27.9279550671,-82.4784045787,4.5,31.0,1
5whwQ1UnbkT2wwD8-08Rpw,Cole Brothers,37115,36.2766423,-86.6885468,4.0,13.0,1
DwkUcTFaFhqcW-RDJ5rnNQ,Children's Dental And Orthodontic Associates,19027,40.0727142,-75.131515,2.5,6.0,0
d45ejuYD188Yzyxz6cCu-g,Mattress Firm West End Avenue,37203,36.1433929232,-86.8141224616,4.5,6.0,1
2TLNzc2WVzJMa-IRTYMINQ,Appreciate You Hair And Nails,46250,39.9056081,-86.0923487,5.0,34.0,1
FLsMpCzvopg6vl3atsKVmQ,Functional Life,18938,40.3586874,-74.97572,5.0,5.0,1
-lVTNjVoTMOkD-eT--u0oA,El Rancho Nuevo,63303,38.7687445,-90.5219795,3.5,66.0,1
Jft1PUUQGH4DoC2S1zsABg,Poppy's Ice Cream,70043,29.9381313,-89.9492226,4.5,6.0,1
BQkH3UGGtXzU4IfZewaw_w,WobbeMassage,70119,29.9672924,-90.09063,5.0,30.0,1
K0nNsUGPoE7ezIXiBwxrFQ,Arhaus,46250,39.907554,-86.094345,3.0,10.0,1
jDCk9DEwSS_TamliID4QuQ,Norma's Sweets Bakery,70065,30.014963,-90.2391014,4.0,26.0,1
FbGjCCc7bbJVWq3Kt5lamQ,Ernie's Tours,70116,29.9599126,-90.064281,5.0,52.0,1
TCxvQgfBD6_JjOM3N1VPRA,High Ridge Family Diner,63049,38.4863979071,-90.5041513042,4.5,8.0,1
6_Zf2QsRHCH1RhbzA9inyw,Starbucks,33615,27.9963703,-82.580954,3.0,56.0,1
cAUe8LFnDjii_sx_4fRMaA,Once Upon A Child - Reno,89502,39.47842,-119.7887358038,2.5,113.0,1
lPPYZr1_jx0XeW-xR9WJtw,DOSC,T5J 1A7,53.5428720873,-113.4995122836,4.0,87.0,1
0sr1EyOc6Td1C-962QW88w,La Cucina Italian Eatery,19428,40.088398,-75.2926963,4.0,44.0,1
p3QzxYDXLs6AthCldH-_Og,James L Frank Door Service,33544,28.2505165,-82.3737262,5.0,10.0,1
SFKjUQ1gmfwm7cJhMCFmkA,ZigZag Scallop,34607,28.497700000000002,-82.650015,4.0,214.0,1
GJpAeUSsPIsVK6_0Lfuekg,Auntie Anne's,33625,28.0686496,-82.5751466,2.0,7.0,1
frsWe9bmMOMIBOBNzsCTew,African Palace Bar And Grill,63033,38.7790065,-90.2800209,4.0,26.0,1
-H6s1c2NRic5UKxXqi4FdQ,Bagelicious and More,33510,27.9588017985,-82.2789713027,3.5,7.0,0
NQhyMw8SOU1HB-V9X52CTg,Champion Chevrolet - Service Department,89502,39.518222529,-119.7877136963,3.0,45.0,1
VEbHYioBfoPiIOWntE_DBA,Tienda Ho,93101,34.422317,-119.7036672,4.5,34.0,0
xwSWtJcQkzTF6HNm_IMgcg,Rusty's Pizza Parlor,93117,34.4290427,-119.8693616,2.5,94.0,1
Rm6DNK_kpJ55mai3bL4qTA,Divine Designs Floral & Tropicals,33511,27.9345506,-82.2874462,4.0,6.0,1
xY0jpu0zzGEBr-bGBdPs-w,University Crossings,19104,39.95604,-75.187797,1.0,15.0,1
o9jFWOpK9ty5vZUQTE6z5w,B&M Hardwood Flooring,33759,27.971329,-82.7078619,4.0,8.0,1
395jG1TlFKTf1t1d9PH6AQ,Rack n Roll Billiards,89506,39.5876376,-119.8144518,4.5,12.0,0
ejEVU5o5F56e7XIO07xpcA,Fox & Hounds Tavern,63117,38.6330839,-90.3064808,4.0,86.0,1
yni7QxA0Hgw5PbgR4NxKHw,Preferred Party Place,08081,39.7501430085,-75.023877181,4.0,5.0,1
yFqq66GxRjnhZXPgjA6hnw,KFC,19124,40.031578,-75.104787,2.0,7.0,1
AaiXrV5sFYedDtx1hBbx7w,Manor Riverwalk Luxury Apartments by TRG Management Company,33606,27.944153,-82.46033,3.5,9.0,0
IbndcMURguByburM72o3SA,State Street Kitchen,18940,40.2285432,-74.9370146,4.5,124.0,1
1oDLf788824qQh-8Shl3sw,Boogyz Donuts,63130,38.665449,-90.3147533,5.0,49.0,1
CrF8GhrF8KJikwugSci5lA,Xtreme Automotive,63110,38.6133033,-90.2678361,1.0,6.0,1
Iipfa9Kaac9XH5Vo8GQwvg,Starbucks,T5Y 2W1,53.6161467,-113.4324244,3.5,10.0,1
S_-UJCj3Q-69_q92k59XYA,Majestic Towing,18914,40.2884395,-75.2090623,5.0,6.0,1
82suwumWp1MEq04QhiS9DQ,Surreal Virtual Reality Studio,93101,34.4167818,-119.6951394,5.0,30.0,0
diwwt5QBU3-Thig9SVlsOA,Brew Brothers,89501,39.5295616355,-119.8145651258,3.5,592.0,1
u2Bh7ylWs9InI7WFk9N53A,Salon 139,46158,39.6106515,-86.3720313,4.0,8.0,1
3uvFklejzRPwEPEZQ5vHYQ,Wawa,19063,39.916175541,-75.3876546369,3.5,14.0,1
BFf44roOiEodYRu06Xq8cg,Wash N' Roll Car Wash - Madison,37115,36.2467393,-86.7204366,1.0,8.0,1
0l_njS4wGMadAk1b4nZRUA,Panera Bread,19406,40.089985,-75.382315,2.5,58.0,1
lB6jIOb1UBATmdfot4KJew,Soco's Gyros,63123,38.5245347,-90.355678,4.0,126.0,1
qQcAJDLelexcAZOcdPnsEA,A Family Dental Care Center,19428,40.0818389,-75.2989657,3.5,10.0,1
CC7YefPM9zc080JHOKfI1w,Xtreme Adventures,33559,28.185208,-82.406265,2.5,26.0,0
cm0bhBDPM3bjBefmEXa3BQ,Nudy's Cafe - Chadds Ford,19317,39.8808598,-75.5482765,3.5,63.0,1
MObScX791gFEwtkoFA9GQg,Creekside Inn,08098,39.65126,-75.31747,3.5,20.0,1
zaaX5EzJDNxhzIFywyxYKg,Wesley Chapel Florist,33544,28.1948998,-82.3542155,2.5,6.0,0
3c9TiufCFT2yXXj3R08Vwg,Snellgroves Restaurant,33563,28.0148425,-82.1231756,3.5,64.0,1
TJe1ZGe-X0-GjOQd00kKxA,Brixx Craft House,83714,43.671633,-116.283591,4.0,115.0,1
dRqRBDrQZsNKo72JlEcejw,RECON Auto Detailing,85718,32.3389931,-110.9268201,5.0,47.0,1
FYzZd2mlMIPScy95UY2xkw,McMahan Hair Salon,33716,27.8669377,-82.6450314,4.0,11.0,0
V8uKFuHyHKSOWojuhcP-2A,Rita's Italian Ice,18974,40.20092,-75.1014011,4.0,8.0,1
rh3C_JK4NAoUJ-HNStvHtw,"Historic Philadelphia, Inc",19106,39.948321,-75.151952,4.5,5.0,1
ObH_8KvD5McBFAZen0pp6g,Earl's Auction Company & Liquidators,46254,39.8449751,-86.2541234,2.5,6.0,1
nHUJCK-Ek_lAVTSyEz9GEQ,Adventure Coast Fun Park,34608,28.4352625,-82.5669664,4.5,10.0,1
xHspDrdyq1g27yRDezB5yA,Kaiserman JCC,19096,39.982542,-75.268542,3.5,11.0,1
HCbJPXWXvwN-C7XfmVy3gA,Granite City Food & Brewery,46204,39.7664200969,-86.1592453161,3.5,258.0,0
XNBExNkAx5fjYM6fjqfzAA,Armory Park,85701,32.2194299,-110.9684979,3.5,6.0,1
1p15mHF9dFRBYH_VKcdDRg,Bill's European Autoworks,34609,28.4348331,-82.5427423,4.5,9.0,1
jZoeTGRfhG9n_Jo6VMqwxw,Sushi Wasabi,T6H 3G1,53.4945772799,-113.517946463,4.0,57.0,1
SBgr-5n-kV3EeZztYsstUQ,Locust Lane Craft Brewery,19355,40.035282,-75.5552598633,4.5,29.0,1
wR8V8u3_wv-yjR-CIHyY0Q,The Collins Apartments,19107,39.9499183,-75.1600036,4.0,10.0,1
_CFqjUDwqpfKlsbl01KQ8Q,Disc Replay,46214,39.7654488,-86.3067317,2.5,9.0,1
v_C_FZW_rPsqHdBEY_O4kQ,Shapiro Supply,63120,38.6842092,-90.2666103,4.0,8.0,1
O4oK6A5wJuVWpYP4IMgUqw,Journeys Shoes,33612,28.056632,-82.4348671,3.0,5.0,1
asmWFLd8yC96IdLEgfeYNg,West Coast Awnings,33756,27.9451907,-82.7880287,3.5,6.0,1
A1lAqN3SOaBLoo6NqVcy4Q,McDonald's,33511,27.925332,-82.325395,2.0,6.0,1
EPDRXctqbR9fJRW881zSDA,Painting with a Twist,08033,39.8977114,-75.0333462,5.0,14.0,0
6XT6OcqGU-8BXKFp7zHoRA,Queen Nails & Spa,83702,43.625567,-116.2109944,2.5,68.0,1
oSp8B87eQ8droCGiWUERZA,The Moose Music Row,37212,36.1431224,-86.79351,4.5,51.0,1
O0YHVrUtxbsEhQ4qaWkVaw,Boston Pizza,T5G 0X9,53.5695004,-113.494179,2.5,6.0,0
YKsZFlfTUNAzuDTTkArh0A,St Christopher Pediatric Urgent Care,19046,40.0992739,-75.1256228,3.0,7.0,1
kGjpBqAqG4mIuFSgU2KKEA,The Royal Indian Cuisine,19103,39.948365,-75.1744997,4.0,28.0,1
VqK1bLVFmEpePL1Qhmz7ew,BJS Hardwood Floors,19401,40.1270723,-75.3353875,4.5,6.0,1
nzIx3Wze25rr5k32sDCwaA,Clear View Glass And Tint,85712,32.23505288,-110.89693127,4.5,75.0,1
jKb0H78PubnEMa5JoXdnvw,Harpeth Cleaners,37221,36.044073,-86.955886,2.0,7.0,1
-pgTW7620zWdXMOczX0www,Arizona Stagecoach,85756,32.0872287083,-110.9234619141,2.5,41.0,1
5yi5oPPf065CQjF5nOnFCw,FedEx Office Print & Ship Center,33763,27.9916199,-82.7303756,3.5,11.0,1
L9CKPOoI51LNnRW8B1M8CQ,Dot's Dairy Bar,19057,40.136096,-74.873249,4.0,9.0,0
CNVapZiNGgqVrkEwmS8INQ,Deadline Escape Rooms,89511,39.4619710836,-119.7829868887,5.0,7.0,1
kLSEk3qXY1KdtFjxHJ9pww,McDonald's,19154,40.0884161,-74.9650112,1.5,20.0,1
WYVDN3VDDTiEUV0QR8D2Hg,Ron & Jo's Firearms & Sporting Supplies,62269,38.5984757,-89.9591083,3.5,6.0,1
uKEabBQrn0gLzvTppOrKIA,Casita Taqueria,33704,27.7969762597,-82.6381678127,4.5,207.0,1
epGYbd0_OeSxsSkw-Kx5Rg,Hippie Hi,33764,27.9684516983,-82.7621585038,4.0,16.0,0
3rh9S7pQWFf8WP1Vg67aaQ,Expert Home Offers,83714,43.6693994,-116.2785626,2.0,5.0,1
uHprVoxTV7CwKJdaEEf3aA,Challenge Asphalt Paving,93103,34.419063,-119.6783917,4.0,18.0,1
8JEOmVGQffkr6xtn4vvplQ,Pita Kebob,33570,27.713401,-82.394372,4.0,142.0,1
lq4bgjDiAYR6i63-ZDiBGg,Muse Entertainment,85741,32.3312255,-111.0341183,5.0,9.0,1
05f7LL_6d7DOw0hHR9tsqw,Mattress Factory,18936,40.2426292,-75.242665,4.5,17.0,1
W5tIz4sl1yRW_fOXHoGVzQ,barre3 Nashville - The Gulch,37203,36.1522694,-86.785108,5.0,27.0,1
cogiJiOXN5fDu7jnkYEkfQ,Kroger,46220,39.8688265,-86.1438939,3.5,25.0,0
rF0xI_3jjlsEKp3N0Z0BuQ,Trattoria Totaro,19428,40.0750524,-75.2945235,4.0,135.0,1
wcppVzRVOFwZp3-Qdwb_TQ,Rituals Aveda Salon,33759,27.961201,-82.72336,4.5,18.0,1
YQxZzSbGJl_4Ul2EGXYAqQ,Mount Mogrit Gourmet,89501,39.526407,-119.812194,4.0,8.0,0
oO3XXCAzBP4d-2klkkgEcw,Tucson Iron & Metal,85713,32.192069013,-110.9610276835,3.5,5.0,1
gp-DPUypvHZYyuDE55PHyA,Tolsdorf Oil Lube Express,19382,39.9619789,-75.5989619,3.5,9.0,1
qma1sGQv7ArUtzuUTQElRg,Katie's Pizza & Pasta Osteria,63017,38.62468,-90.5150663,4.0,313.0,1
9W9pFoPdrwZAg1xxHhzp6Q,Krch Realty,89502,39.4714884,-119.7767248,2.5,7.0,1
zjQDk4tZyhEroyqtkgvx0g,The Cobblestone Eatery and Drinkery,62254,38.6041071,-89.8085329,3.5,52.0,1
adb1hOYICrJ1Ix8M0sRpbw,Kuzina By Sofia,08034,39.9124556,-75.0022657,3.0,125.0,0
dujix6rWem5FD73MZSBF2w,Jack's Barber Shop,63044,38.745042,-90.4163876,4.0,10.0,0
EEc3X2r94uNhCz_jOTSzHg,Blackrock Brewers,85710,32.2014539061,-110.823107399,4.5,35.0,1
j2oZyu8a5qa-LL-LZ5DBPw,U-Pack Moving,85706,32.1363344,-110.9278446,3.5,24.0,1
HxlFnUI9-RNKlKD2zUwzWQ,Skippack Sweet Spot,19474,40.223222,-75.399023,3.5,18.0,1
5N8iDpDtjTbU0F1YD645xA,Blarney Stone General Contracting,85704,32.360965,-110.986644,3.5,5.0,1
iRLAkeK4PZGjKB1zmvRByw,Babies R US the Baby Superstore,85705,32.2904784,-110.9798195,3.0,13.0,0
dGPwaWBjzKQiYJpGw73EHA,HutchPro Carpet Cleaning Plus,46224,39.7990368,-86.2675982,4.5,6.0,1
Cc1HSkYiRiDUquHiz2vdIg,Tire Choice Auto Service Centers,33618,28.0424255,-82.5124529,4.0,7.0,1
kfGz2E7Y5FLXJyiKbQYfZg,The Irish Times,19147,39.9403745,-75.1456109,3.5,44.0,0
H3JjbID9Zhukpqr9uupHAA,Jackson's Bar & Bistro - Nashville,37212,36.1366299,-86.8004366,3.0,402.0,0
Dq7pbol4jb6RV4ozqGHLXw,Des-Carr Doors,18901,40.2874285,-75.1270612,2.5,5.0,1
-kY_HDP7IMvGl-kBIZVU4A,Dune Coffee Roasters - Anacapa,93101,34.4189939,-119.6950684,4.0,320.0,1
O5zuQH_YowDC-rsK8ZEXCA,Tin Drum Asia Cafe,34677,28.0451503082,-82.6812278379,3.0,62.0,0
xpmcxoWG0w9HkqTo6AClUQ,Bang-N Heads Salon,89501,39.5220877,-119.8133893,4.5,11.0,0
jsQQu9rVerR3OGxIa0hRQQ,Kelly's Taproom,19010,40.024588,-75.3242387,3.0,63.0,1
sSCTL4XvhBPZDdmnOYGmGA,Corissa Miller,85730,32.4447834344,-111.1019316965,5.0,16.0,1
XkofFhXCXh6OUpWoG_ydWA,Budget Rental Cars,63103,38.6348961,-90.2210235,1.5,7.0,1
5bCsL-Z3QnuBmJQtIt8qyw,Pacifico Hyundai,19153,39.912338414,-75.2230943868,2.5,46.0,1
7fuFAkD_NqV5PQ7cA0Yzlg,Angelica Beauty and Waxing,33629,27.923037933,-82.4930161956,4.5,42.0,1
NHdjuuwzYCh0AWqWZgz-KA,"\"Bottom Zupp \"\"Floor Removal Experts\"\"\"",34695,27.9822896,-82.7057138,5.0,5.0,1
n2Va0mKydUWM-Y4fv1pOtA,YOUnion @ Reno,89512,39.551173,-119.8046379,2.0,41.0,1
bJ7h_SLSrnxEj61E6Qv9tQ,Exterior Building Solutions,63119,38.566842199999996,-90.3445699,2.0,5.0,1
Hp3Ony7yW60VPuWHQFIIHA,Frady's One Stop Food Store,70117,29.963974,-90.0426042,4.5,73.0,1
UX3eq0WsVva-cqlVrzyzFg,Cantina Los Tres Hombres,89431,39.5351105,-119.7548567,3.0,284.0,1
QqNTFJdyPWpWAoO5ecw93w,Kathy's Airport Limousine Service,34608,28.4919153,-82.544815,2.0,7.0,1
BP5zBLaUz8QPCNgPwgBoRg,Tire Kingdom,33563,27.9910123,-82.1221107244,2.5,9.0,1
Yas-A9Jf07TJCIcgZny04w,China City Restaurant,33701,27.7846206,-82.6383517,2.5,14.0,0
1o_M5JdOkJJFNj1rIDIlng,The Juice Pod,19064,39.9249328,-75.3402158,4.0,19.0,1
n5rWjvJHmlEwr4rd13ZRqw,Diana Michaels Jewelers,18938,40.3652475,-74.9519527,4.5,10.0,1
aSJdDcspNCf-2oNF2E6SJQ,White Castle,63136,38.7061191433,-90.2701565031,2.0,6.0,1
ZuOtTcUKmthgvhKo7B_-sg,Music City Pub Crawl,37201,36.1632454,-86.7760574,4.5,55.0,1
q9dLguaNI58Rs5GJuJAWIg,Dead Ringer Analog Bar,89512,39.5309028,-119.8080593,4.5,15.0,1
Q-a-DzqRufrPL6EcUDpyag,Dierbergs Markets,63303,38.7825309858,-90.5346399689,3.5,23.0,1
3J3aZkNvgCh-LKeUrSB1FQ,Ace Hardware Oak Street,70118,29.949161,-90.132406,5.0,5.0,0
GILL0ZkvVXJaNQzYRXfMQw,Paris Parker Salon & Spa,70115,29.9244207343,-90.1079344048,4.0,119.0,1
5RXu-z4IRQFhkdB1R01yHA,Brooms N Buckets,70170,29.9570466757,-90.070387,5.0,40.0,1
iFGmwBbHTCcA421iYqOYcQ,Stylist Inside,34638,28.2638132,-82.492625,4.5,6.0,1
fsUszFqMLQYCLU-hlXDGsQ,Jiffy Lube,83616,43.6914869,-116.3351664,3.0,6.0,1
FH8ZnbOiLpc5pcSsdqTfjg,Valley Of Fear & The Original Haunted Hayride,19053,40.165983,-74.995869,2.5,62.0,1
hDiCHlTXKGUj1Yh4tq223w,Pasquales,46221,39.7132613,-86.2360801,3.0,26.0,1
GInRkBWvuyJCjFVHYdzkPQ,Licata's Italian Deli,19464,40.2427158,-75.6180811,4.5,8.0,0
JQ75_672GKJQ3tK1togIWw,Golden Capital Restaurant,T8A 2G4,53.5126039502,-113.3179124712,3.5,8.0,1
Ju5N_-2Jk374uBu4zaxGAA,Yogurt Court,83714,43.6675459002,-116.2767655402,2.5,7.0,0
yWSz17UUBD_yaY0T23mo_w,Andro Beavers & Associates,33511,27.9082595,-82.2909146,5.0,5.0,1
URx5X3g4IoDHbIidFO0bLA,Gateway Parks Eagle,83616,43.684826,-116.403473,4.5,16.0,1
RjiHOpvivcEm-vCPNCd6eg,Diamondback Police Supply,85710,32.219336,-110.8413116,4.5,23.0,0
sophKEDc2rBDe-cuOaJDkA,365 Caffe Italiano,33543,28.187946572,-82.3500558385,4.5,127.0,1
18eWJFJbXyR9j_5xfcRLYA,Siam Elephant,93013,34.3965102,-119.5216815,4.5,460.0,1
vMp55ea__Pk0fYbBDCn6jg,Dunkin',33511,27.8940624,-82.2719595,2.0,23.0,1
ZY4R4YD3uGmzyECzEdr1rg,Project Management Academy,46032,39.935618,-86.159413,5.0,5.0,1
feVi5a5xZaahs4WsUfi1tw,CVS Pharmacy,34677,28.0439,-82.6769,3.5,17.0,1
PdMXmOWDRHICAx6SLgu1dQ,24,19103,39.9515211,-75.1798731,3.5,111.0,0
ELKgARoj5UNjQXUkX8T8KQ,Laundromat,46220,39.8748864619,-86.1195512452,4.5,78.0,1
KsDY9IYqvumohkp74w5i6A,Jersey Mike's Subs,08043,39.848349,-74.97713,4.0,21.0,1
iRHVKPJA4378CQ831E3TgA,DSW Designer Shoe Warehouse,08053,39.8895323,-74.9266315,4.0,15.0,1
hK59rATCI9o_rmeQu57RWw,De Ville Coffee House & Creperie,70116,29.958501,-90.06163,4.5,36.0,0
S2LinHvVEXAm2jv84_kXLw,St. Louis Artists' Guild,63105,38.6376776,-90.3195495,4.0,9.0,0
XNWVT7tR7yAzCyf0VQ-ijA,Groove Room Studios,37076,36.181686,-86.624583,4.5,10.0,1
VK5NEKDHnZG8YcAw2JpaWw,Spring Hollow Golf Club,19475,40.185507,-75.574882,3.0,29.0,1
0gKgJdXhC9ps47oLH8Jd0Q,Aj's Bikes and Boards,33596,27.894047,-82.2572688,4.5,44.0,1
Tuzyf8Z-R_i661AeJAc9QQ,Indigo Point,33511,27.9112563,-82.315876,2.0,5.0,1
sOcGOqOeObtIBhuvcWuY8g,Gallagher's Pub,T6C 0Z3,53.5177345,-113.4666105,2.5,6.0,0
dD2p903p8lU0IgXT3OFluA,Edgehill Cafe,37212,36.1429685,-86.7923549,3.5,245.0,0
u2vLwrSEMtrLc9Og15TTug,Massage Heights,T5P 4B3,53.5452767,-113.6121675,3.5,9.0,1
ygnm0ze5oL4E9JpysZAxBA,Absolute Luxury,33578,27.8585758,-82.3397635,1.0,5.0,1
BBylWmPeTN_zqapYJKSPmQ,Treehouse Yoga for Children,19380,40.0091374,-75.6163078,5.0,5.0,1
uzpiSVy6DTQBNByAhT0Z2Q,Holiday Nail Salon,19148,39.9223225281,-75.1527823,3.5,28.0,1
8f9Jqi4L69SQZIkU5r66Lw,Lee Read Diamonds,83642,43.5940744,-116.3860335,3.5,20.0,1
dBCNUSbz5-8nQNrxWo5deg,Blue Sage Vegetarian Grille,18966,40.1751076427,-75.0432257715,4.5,572.0,1
0C1Ux9EjTz7WHtmSHph0RA,Hampton Medical Clinic,T6M,53.4957867,-113.6666016,2.5,7.0,1
b9KOyYWdQ8Xz8CrDdE4SOw,PolyEsther's Costume Boutique,89501,39.518748,-119.809884,4.5,35.0,0
2YOLYLqNr-KOsPQVjTtYjQ,JOANN Fabrics and Crafts,33710,27.7951457,-82.7299515,2.0,38.0,1
5TUFmLAo5f-pzjrVouM1ug,Nitpicking in NOLA,70170,29.9518688643,-90.070132555,5.0,6.0,1
EYI8_RsZyfu8x6lYgvc-2w,ImmediaDent - Urgent Dental Care,46250,39.905771308,-86.0607146613,2.0,22.0,0
O6bNAryoL-iNAehojA8mQw,One Hour Heating & Air Conditioning - Largo,33777,27.870901,-82.7435853,2.5,20.0,1
zQ3tnBABoypncWu5oW2bKA,Huddles Frozen Yogurt,46032,39.978629,-86.1287849,4.5,19.0,0
ARb-hdkQ7Qla0FKCo4SPcA,Rosemont Plaza,19010,40.0265391,-75.330126,4.0,10.0,1
GduRGjJmz2syYgaL83RInw,Visionworks,85705,32.290928,-110.97878,3.5,14.0,1
6mCsrUp9Vl4iXMbOxWtVjA,Dosa Hut Indian Grill,37211,36.0810108,-86.7280648,4.0,99.0,0
71U7MxQEhwitJOm4CQpRwQ,KELP Sushi Joint,33629,27.920067,-82.4989209,4.0,325.0,1
_KA2wtiimFOcGOPIFdcWzA,Urban Tan,63109,38.5920583,-90.3020666,2.0,8.0,0
gx0VM1yytDYERwTXOkNC9Q,DND Plumbing,34637,28.290178,-82.4644445,5.0,7.0,1
mYbEGFsRcA0tfUNSYcBJMA,Golden River Restaurant,08075,40.0377027,-74.9592809,5.0,8.0,1
1gVkgLjul7xSIsJRCZHhmg,Straight Edge Barber Shop,85711,32.2211321,-110.8703351,4.0,11.0,1
Mt1FB8hM4XTi3Tk4i0q5gQ,Nicola's Pizza,08530,40.3664177,-74.9416785,4.0,54.0,1
O0k_pEr2UR6iEX2nv2Bbpg,Creve Coeur Golf Course,63141,38.6667839,-90.4332859,4.0,6.0,1
3vTG6LQyr3obzfvrK1l1hA,7-Eleven,89441,39.6385027425,-119.7128690779,2.0,12.0,1
-AjSXsdPtBhWl0kY1-QsoA,Optilife Chiropractic,33626,28.083473,-82.5772677,5.0,30.0,1
_-SSObHzljeA11HAF0lIrQ,Hardee's,33614,27.9955205,-82.512474,2.5,27.0,0
4mKAD2m2ek-z51ZPqL6-aw,Richard Kenneth Jewelers,19103,39.9497725,-75.1693442,3.0,16.0,1
2DsplH_vy4GCcEnVpn0AbA,Cafe Olivia,46204,39.768973,-86.153309,4.5,34.0,1
sWCCxY1-9B1FGlSVeQvnHg,CD Roma Restaurant,33710,27.7854888011,-82.7302946082,4.0,125.0,1
Al72SF73U4_WBqY112IhUQ,Glow by Natalia Barlow,33609,27.9407591,-82.5104655,5.0,13.0,1
dDbLYwjs5KH_rWbIjXNdoA,Weinhardt Party Rentals,63110,38.6153507,-90.2860213,3.5,16.0,1
A9R_S909r4-7rSy8dt0sQQ,SmartStyle,85614,31.912481,-110.98188,3.5,8.0,1
fEt_J2Lx80kwBy6FYHaT9Q,Sweetwater Wetlands,85750,32.2798568,-111.0203165,4.5,16.0,1
ytFuMCUQXUSWuvpZMP1uEA,B&L Nails Spa,85706,32.1336285,-110.9319893,3.0,31.0,1
wcpL6sD6jKsBO0tbdK2KEA,McDonald's,46038,39.9575816,-86.0106627,2.0,34.0,1
k6NkyANDoAMSNpa9_VD8IQ,Rosa Mezcal,70130,29.9316559894,-90.0736488057,4.0,76.0,0
ZH-D4qbLggBSvwpF0zXrQQ,The Original Pancake House,83704,43.6192456,-116.2546881,4.0,155.0,1
yX-eHIG--H3geTNWZ2Q6SA,Crush Gourmet Raspados,85712,32.2436522,-110.8859797,5.0,5.0,0
zIDuAuwyaLmNwv4k18mbwA,India Palace,46254,39.8317759,-86.2404209,3.5,167.0,1
zQ62qOqUQScSb7ZCTLbpGg,Octopus Car Wash,85710,32.2061817,-110.8382603,2.0,90.0,1
yQhu3LbnB2gQgrquHZ_S6Q,Saladworks,18940,40.2340046,-74.9414872286,3.0,42.0,0
ZfWVso8VlT0VN14rxVHccQ,Candida's Pizza,19002,40.154294,-75.2229125,2.5,22.0,0
yEiLR0LPcTVNTc0pQ3mQ5Q,J C Automotive Service,33705,27.7127624,-82.6467828,4.0,13.0,1
ufscOQH8rFo4BHIHj0au3A,Kristi's Pet Grooming,89503,39.5425853958,-119.85849863,4.0,49.0,1
0vx-NZf-1Pimrrfk1rVO6w,Mungenast Lexus of St Louis,63011,38.5951303,-90.478697,3.0,37.0,1
iEDyJb1Hlouy3jkLX4Oocw,Cooper Medical Center,08102,39.941645,-75.116872,3.0,8.0,1
HQolH8hSvmK8mhZc0bYVRw,Global Appliance Parts,19120,40.0311008,-75.1241902,5.0,5.0,1
fiL3n4FM8ET-Lcoy4Q_91A,Ristenpart Law,89501,39.5204967,-119.811906,4.5,6.0,1
xvikNZvp7aIDcC2bxB7JWw,Textbook Brokers UNR,89503,39.5368175,-119.8166841,3.5,44.0,1
q76T2h-U6oHcLhYQuz1Mcg,WMGK 102.9 FM,19004,40.0072693,-75.2205981,2.0,11.0,1
DtxrbAIsSMs4Qshm99AFAQ,Reno Tahoe Shuttle,89503,39.5424616,-119.8410174,3.5,26.0,0
L9gZiajtCvwr96vCVukNUA,Creative Beginnings Pre-School & Kindergarten,85719,32.2559704,-110.9605081,1.0,23.0,1
rTW2Og0Tg-OkLTvRwgYO9Q,Courtyard by Marriott Nashville Downtown,37219,36.1636657502,-86.7784967447,3.0,110.0,1
MbeCFyquZ9stzXSrrSXEgg,ACME Screening Room,08530,40.364578,-74.9446533,4.0,6.0,1
CT4QA-J58P-e8KRKeWPrAw,The Ladies Room,19440,40.2868003715,-75.2658470701,2.5,13.0,1
Gki1ureeRKqlIkQ-AELDVg,Brugada,37201,36.163323,-86.7765917,3.5,49.0,1
Y370KeuqfpmmH0RmRT4F3Q,Tire Choice Auto Service Centers,63301,38.7873899037,-90.5121919513,3.5,13.0,1
L0-MS0MbQhEWAPLkjCqhpg,O'Shucks Seafood & Grill,33708,27.7852179,-82.7821118,3.5,29.0,0
F9T3rX0JmXLZD3lLg4qVGw,Econo Lodge,08031,39.86369,-75.07774,3.5,11.0,0
NNrrPQu98X95J0rWI8Fk2Q,Beauty Nails,08055,39.9005134803,-74.8318005102,3.5,17.0,1
2qhuQ-tnonyLEQLw2cbvAg,Tim Hortons,T6V 1J6,53.6301604595,-113.5449765623,3.0,9.0,1
v2UmYZ1rPT48IroaD0xZAQ,reYOU massage,19107,39.949195,-75.1629437,4.0,63.0,1
v5nFmEgsJL8Cqk_9obH-QQ,International Medical Group,46208,39.809651,-86.158532,1.0,129.0,1
NrL5xcCR9Zhy8kh5mHwvWw,Paige Simmons Salon,37203,36.1447155,-86.8158048,5.0,7.0,1
OMzYjyFo4Z2NAwiHLd10Kw,Sunshine Swim School,85710,32.2350032,-110.8112056,3.0,16.0,1
LVJHr65jC1p8BlzFadwBuQ,Sherwood Nissan,T8H 2A2,53.5434724374,-113.3181441121,2.0,16.0,1
sBWrhJI68m5YEjJw8vsEiA,John's Pass Waverunners,33708,27.786086,-82.783245,3.5,19.0,1
Zj5PX3ZE4V6DB4XqP3HfcQ,Edible Arrangements,08021,39.8050368,-75.0275069,2.5,6.0,1
q2N2KLhAeD0c0p-ryI3uDg,HotBox Pizza,46112,39.85806,-86.390022,3.5,14.0,1
53VjeehvqOIcE3fWNas7ow,Nailtek,18914,40.2712779,-75.2236121,3.0,10.0,1
6jomGWEI4ryImrWPguUQQQ,Santa Barbara Athletic Club,93101,34.413384,-119.7003408,3.0,55.0,1
q4m9o8LDJRrdU1DcgcAm3w,Auntie Anne's,33761,28.0173889,-82.734549,2.5,10.0,1
TgKLEpvqg66KDZA6rVV56A,Audi Boise,83709,43.605278,-116.286249,3.5,27.0,1
kMHZgooGdHN9099Ya0X4vA,La Quinta Inn by Wyndham Indianapolis East-Post Drive,46219,39.80203,-86.010737,2.0,42.0,1
z7sp6u5JnNlq2ziu31EFvw,CVS Optical,19147,39.9315261618,-75.1607671842,2.5,35.0,1
Ed7RUOj9MTUf9U-Y73bYlw,Run Montecito-Summerland,93108,34.4366626,-119.6320753,2.5,8.0,1
H2v510VQj7oyC30izAVPlQ,Windsong Charters & Boat Rentals,34652,28.2321228,-82.7307355,3.5,30.0,1
voKcGki0lA5JETqKFwm6AA,Factotum Barber + Supply,70117,29.9649841114,-90.0422938596,5.0,14.0,1
JomDoQafikclSVVCPkWjnA,Cedar Park Cafe,19143,39.94796,-75.22198,4.0,301.0,1
gI34hM-873fwF1XQ8hOaSg,Joe’s Pizza and Pasta,62035,38.9491828,-90.1903059,4.0,17.0,1
EjzWyITI75CKSKb6RGCG_Q,Sonny's BBQ,33615,27.9958415,-82.5722699,3.0,11.0,0
JJhF7D1_KLwsmpb9srKXig,HouseMaster Home Inspections,19002,40.1636298296,-75.2320228175,4.5,6.0,1
XrqPKqnqbDdWynmaYa0efg,Reno Collective Coworking,89509,39.519632,-119.814983,4.5,5.0,0
OB2RVcodqQ_mcJ8_3F2ELg,Porpoise Pub,33772,27.8518283,-82.7865319,3.5,6.0,0
kJb4o8aZ_93iBMq-Hery1w,BRAKEmax,85706,32.1335924,-110.9239561,5.0,6.0,1
1ddqdY_piKp-abaZ-bGRSA,Crescent City Steak House,70119,29.9733253,-90.0810244,3.5,226.0,1
fI8kWao4ejLDDGgWNxKiHw,Edible Arrangements,37203,36.1482816,-86.8081665,2.5,12.0,1
clOOOBYvd1aUcFxA9uhFjQ,Tony Sopranos Pizza,08518,40.1198350243,-74.8050415413,3.0,21.0,0
lCBLhf37pnkyZ-1MWNF3ag,Gandolfo's New York Deli,33618,28.0642084807,-82.5053286552,2.5,23.0,0
fjvaxQ_-MpCk-e_Hy_9AZA,Board & Brush Greenwood,46142,39.613819,-86.108813,5.0,6.0,1
QjHGUvMNwb2NOidfcd1zLw,Oak Motors,46227,39.70853637,-86.14808449,2.0,9.0,1
KxSCZOc7jX_x1hrMz4DPTw,Kal Tire,T8H 0C1,53.5655216193,-113.322853048,4.0,9.0,1
0pMj5xUAecW9o1P35B0AMw,Wawa,19403,40.141292,-75.389286,3.5,8.0,1
MVmJuns9ZD9QLGltc0Am8g,Triple R's Smokehouse,62258,38.4935850144,-89.8207885399,4.5,8.0,0
fn_VkMsFVyLLx7ishLm1vQ,Aqua Terra Salon & Spa,34655,28.187705,-82.685196,4.0,16.0,1
l7gFSHojInQCglAVbv2_FQ,Tony luke's,08028,39.7053901,-75.1136931,2.5,20.0,0
U68MljMliBJAekbTTYcCaA,Tile Source,63144,38.6147277,-90.3344697,2.0,6.0,1
RuBWR6CAgVi7iWR8LHUi6A,Lee House,T5H 2L9,53.551925,-113.4896661,4.0,30.0,1
gl9APAes1BYYt_8UsDVsPg,Ted's Luncheonette,33770,27.9278613,-82.7961982,4.0,37.0,1
0gKLY_mzf7ibYEZ28tWuXA,US Storage Centers,37027,35.9641647,-86.8197583,4.0,9.0,1
PT_24gEkVdGG6ZhYuX7gMg,Intuitive Readings and Meditation with Zev,85716,32.264931,-110.9352396,4.5,9.0,1
5EGhvgDt_E-JPl4EhQkOtg,Edgehill Cafe,37211,36.024589,-86.71193,4.0,7.0,0
gyUBYwpUO_u0nqZdre4l1g,Shanghai Express,08053,39.916113059,-74.9215189617,4.0,74.0,1
QBOi5JU-ydZEPTJBm9hxaw,Wyoming Barber Shop,63118,38.5994556,-90.2425985,4.0,42.0,1
VeIrgRMOK_0ZToziUd2kUA,Franceschi Park,93103,34.4399258,-119.6939139,4.5,26.0,1
61oyIzeFjG977kMhMxVznw,Distler's Auto Repair,62269,38.5616342,-89.896862,4.0,5.0,1
4nWrhQu2z7SbcPmGP8TcAA,Go Auto Outlet West,T5S 1M9,53.5439617,-113.6295996,1.5,24.0,0
wMyHVb54Ne9SNasa4kjOCg,Carnivore,63110,38.6184117,-90.2741825,4.5,281.0,1
lE9-FQdd_CJXszwT7YD3-Q,"Christopher J. Connolly, DMD, PA",08080,39.752017,-75.0777688,4.0,5.0,1
0_bq30K9LWJP16wCrKUD5w,Barker Diamond Company,37212,36.1300497,-86.8016849,5.0,17.0,1
6cPVGUOVlHa6TwlgU08IXQ,Dr.Green,,53.544389,-113.4909267,1.5,7.0,1
Jpjez35yrcPwCu5NZwYNlw,Jake's Place,08034,39.8981757,-75.0165475,4.5,13.0,1
tj9T7SUDD0SZZwq0LqKz4Q,Pecos Liquor Store,19809,39.7687065,-75.504173,5.0,9.0,1
F6hASqb_Z5ASXz0-pZFlfA,Edible Arrangements,19128,40.035169,-75.216409,3.5,10.0,1
4FaYG9qKDpDyr68bKmaIEw,Capitol Cellars,83702,43.6135729,-116.1999038,4.0,176.0,1
qawLaB79bFiXEtFc5SEBkQ,Crowne Plaza Philadelphia - King of Prussia,19406,40.0911552,-75.3887632,3.0,64.0,1
LvFmVnPSbi0lmgpcK_qw-Q,Foot Locker,19102,39.9514625,-75.1662577,2.0,12.0,1
rqaIe-61HKlWaGYmVwlw8Q,Petite 4,83706,43.6046712,-116.22804,4.5,121.0,1
mWv9wdM5OD7tiDzf3DkyXw,LA Fitness,85743,32.3527211,-111.0908436,4.0,76.0,1
3L-cbPMvNbsG9vmOF5QHEQ,Idaho Center For Reproductive Medicine,83712,43.603023,-116.187203,3.5,13.0,1
kq5Ghhh14r-eCxlVmlyd8w,The Coventry Deli,19103,39.953291,-75.173645,4.0,65.0,1
yUcMPv-B9gCUUNT-GUiJbw,The flagpole Nola,70116,29.9724753,-90.0724686,5.0,30.0,1
MYoRNLb5chwjQe3c_k37Gg,Sean Thorntons Public House,19134,39.988107,-75.105553,3.5,6.0,1
pP4q0Mym-qt20nRqTKbzhQ,Morton's The Steakhouse,19102,39.949603,-75.1649701595,3.5,149.0,0
3_y-iyx2kXmhdgVOZHvm4g,McCaffrey's Supermarket,19067,40.2210871,-74.8720194,3.5,35.0,1
lPuL8YgBHLhwaVp8ubMOFw,Dekalb Produce,19422,40.1535069,-75.3032712,4.5,16.0,1
xLRBRbbFsKx0fDDbg_xZag,Arch Engraving,63122,38.5790831,-90.4066417,4.5,11.0,1
MC5pczUOBUN-0MtJAYk46Q,Cupcake Fairies,70119,29.976258,-90.076105,5.0,20.0,1
uPL28VrdCqBDkkJe1A_NTA,"American Freight Furniture, Mattress, Appliance",37072,36.3254421616,-86.7131666746,3.0,11.0,1
BkmVHg6HjHWMc0OFxcd6VQ,Hair By Audrey Johnson,93108,34.4381407,-119.6151426,5.0,5.0,1
L7mbUPFMAfetY0fzuYtZ_g,Dunkin',08075,40.0153779791,-74.9543424694,3.0,7.0,1
zyge4T5eSiPHq1-IaJb_Qg,Nancy Le Nails,19150,40.0609699,-75.1674125,2.0,10.0,1
7Ct4QuWaY63DkAOXqEiVGA,Hong Kong Chinese Restaurant,19036,39.9033171,-75.2844083,3.0,18.0,1
B9oez-fvFRD76en7pEvhMA,Dress Up,37212,36.1373207229,-86.8005514517,4.0,18.0,1
wkW37gk-C6PVVn50ahL4tA,HomeGoods,19087,40.039782,-75.369961,3.0,17.0,1
Jb1MlURq6ItKZ244tyoirA,Jessie Sessions - Berkshire Hathaway Santa Barbara,93105,34.4408006,-119.7494444,5.0,19.0,1
8vtIB1e8HbMPwbzP7edk7g,"A Jackson Ecker, Inc",19464,40.2466542,-75.6510162,4.0,18.0,1
PkaxfjwdWKL02xkK2UGxNw,Aicha African Hair Braiding,19120,40.03825,-75.12988,4.0,20.0,1
Wc-c_hQK4vFCl9keeVTUZw,Felix's Restaurant & Oyster Bar,70124,30.023792,-90.1136223,3.5,255.0,1
uKFYm0R8Fuf3H2vihxEobA,Jiffy Lube,33710,27.771165,-82.711946,2.5,51.0,1
4uqRhXZTOzKF2ZhxbWzxfA,Ulta Beauty,19702,39.6720582582,-75.6489002742,3.5,11.0,1
YmldZ34wq5v1Y4yLclNQ5g,Sport Clips Haircuts of Exton,19341,40.0585837224,-75.6544678,4.0,11.0,1
Uc97dMY2Ml9JG6uLjPQz2A,DeGrandis Automotive Center,19355,40.0427175,-75.5376779,5.0,5.0,1
wzAGD9Pe7V7CIP2Npu3RFg,Keeble's Service,18974,40.1983653,-75.0865462,5.0,7.0,1
DJdOxtjoSwQf9O_JPlanfQ,Gifted Hands Barber Shop,33611,27.882396,-82.507136,5.0,6.0,1
rw0iJ3QmvKv5JxL20lbCUw,Esthetic Style,33619,27.947168,-82.347765,3.0,6.0,1
c6xOzTbNqD-1g9PoxAh4DQ,The Wine Loft,37203,36.1520443,-86.7846698,3.0,36.0,0
YhQAQhG1IkXJH7oLZMbM9w,Del Taco,89431,39.5836527,-119.740935,1.5,60.0,1
4krKemnM4UAcZ2oNarwNrw,Saks OFF 5TH,33559,28.1919576,-82.3915434,3.0,7.0,1
qMmEEvmRvcyJUD5SrKNCtA,King Ribs Bar-B-Q,46254,39.8540036,-86.2406392,3.0,20.0,1
Ei0wJeADbNtwvA9CrvknJw,Cocco's Gelateria,19018,39.9199693,-75.2984646,4.5,37.0,1
16abiGP6ZPeXdz-aEDmQgw,Ann Bradford PhotoDesign,85718,32.3389931,-110.9268201,4.5,6.0,0
TF4IyHKK05m5rXENCK94nA,More Than Old,19106,39.9535003,-75.1450636,4.0,6.0,1
g_VAg9LXIiiV2WMnGQCxOA,Legacy Coins,33548,28.1815811,-82.4675332,5.0,5.0,1
ARKB7J0IVDbodnINMuIRXA,Sears Appliance and Hardware Store,18976,40.2399640722,-75.122795105,2.5,6.0,0
qS4CaO_u_vMrTl31XJto1A,Szechuan Paramount Restaurant,T5E 4C2,53.5878652,-113.4915257,3.0,25.0,1
Unf5cncllS4V_CKQmp2V9Q,Advance Auto Parts,33778,27.891747588,-82.7864744514,4.0,9.0,1
x4A46frReno0Wg7ZwczHTA,ReJuv Medspa,83642,43.5896886,-116.3670907,4.0,16.0,1
NVpbPRDvfwjb85CJwWE0nQ,China Wok,19006,40.0903977316,-75.0926760348,4.0,55.0,1
LVteL0Rnh2E_yOFCLJUPhg,Double Decker Pizza - Media,19063,39.916169,-75.382347,4.0,88.0,1
73vXXe4MbpHhq_2_uiHIrQ,4J Laundromat,19148,39.9208234,-75.1600292,5.0,13.0,1
IuBhNQjsUb5wjGoji3ziXA,The Galman Group,19046,40.09035,-75.124453,1.5,15.0,1
DxwDYVexldL9HAJAkAoYLA,SuperPawn,89501,39.5270515,-119.8117041,2.0,5.0,1
VS4iEul7Rp4jJGcNcKu4FA,Brew House Pub & Grill,89509,39.4772227,-119.7930507,3.0,6.0,0
G1q5MH5z7OKJOnq9nnbzZw,Williamson County Animal Center,37064,35.9443945,-86.878041,3.5,12.0,1
HjLYCBxJti8V-hsP_yVZ3w,Taj Mahal Homestyle Indian & Pakistani Cuisine,83702,43.6161949628,-116.2027077,4.0,280.0,1
Iuir7lUtx-LMhYtStwyf3Q,Another Broken Egg Cafe,46250,39.904151,-86.083809,4.0,26.0,1
B6GLK-7h305joEgUjXlH-A,Family Beverage,19454,40.228372,-75.259942,3.0,6.0,1
oFcqP3WFAtXgt162A9FIAg,Core Property Services,08034,39.9169,-74.97572,1.0,7.0,1
vVm2qH6n4tWzN_qv6PBIVw,The Humming Bird Jerk house,33647,28.130283,-82.364992,3.5,32.0,1
B5XSoSG3SfvQGtKEGQ1tSQ,Los Padres National Forest,93105,34.597239,-119.510772,4.5,13.0,1
Htnv87XCc9GXuE6hKEHnNg,Caring Hands Veterinary Clinic,19114,40.0679151372,-75.007130852,4.0,36.0,1
skN2XhKXlcjf53uIwzAedw,Burger Up - Franklin,37067,35.9459704793,-86.8279486659,3.5,329.0,1
du_yelFmWOZDEyIAE-jdsQ,Taco Del Mar,70112,29.9522480802,-90.0782639989,2.0,9.0,1
QN7JpoH3Qu-Y-EhXdxrkMQ,Fleur-de-Lys Mansion,63104,38.6125465,-90.2380408,5.0,22.0,1
26M-3o8bL-9MWAWKk3yjDQ,Freedom Smoke USA,85741,32.3553130924,-111.0425949097,3.0,47.0,1
FdA6P5CW6_8okbKwk0tpeA,Reineke Decorating Center,63144,38.612049,-90.337262,4.0,8.0,1
nePPSHdai8L7aWmXwOZHEg,Stokehold Restaurant,70115,29.9170045,-90.0982621,4.5,13.0,0
vLT1KtrA9bWvjFOg-0xVIg,Pieology Pizzeria,93117,34.4304533,-119.8723449,3.5,131.0,0
y1HgVnt4K5owmYXC5yXLGg,Flambo Caribbean Restaurant,19130,39.9686973,-75.1606146,4.5,138.0,1
o_SARUTRPagpzpaWw6ZQeA,Stefanec's South Barber Shop,33770,27.9235861218,-82.813243866,4.5,11.0,1
jBCgQ6nZDsMCWU7eaSxOpw,Whaley's Blazin BBQ,33549,28.137927,-82.4626332,4.5,58.0,0
ixj7fzkBZOvwIphmfbyJMg,Purple Penguin Candy Emporium,85713,32.2066779,-110.9205967,5.0,14.0,1
Gvq5Artc4F4M2zmF7ZHeqA,Rapco Automotive Centers,19082,39.9686127,-75.2934923,5.0,10.0,1
x7R0FReViemWjQO581WI5A,Debbie's Pet Sitting,19147,39.9350642,-75.1516194,5.0,12.0,1
hfN3l0gJ-XszD1XFGNvA6A,Akira,08108,39.91576,-75.068382,3.0,40.0,0
bA67-1nlrQpuPAowhGnvIw,Save A Lot,34653,28.2574576,-82.7057537,3.0,7.0,1
vo12FJ4dAdP8Jr4ctFYRkg,Painturo's,37122,36.2244538,-86.5418712,4.0,46.0,1
97yrCvZXdnMhmCtM8qmKFw,Comfort Inn Marrero - New Orleans West,70072,29.892187,-90.122823,3.0,19.0,1
xS1cKW1BssWSVJ_a59N49Q,Boise Towne Square Dental,83704,43.6116121,-116.289829,3.5,6.0,1
KZlc-Tf3hq5X2Z6tenpzDQ,Secrets,08033,39.898768,-75.0308545,4.0,5.0,0
8P7YOM9ThhTvLqXfSWRcRA,Noodles & Company,63141,38.6735532,-90.4204985,3.5,65.0,1
btz66nFIXhjh8Mittev9IA,Tabasco Country Store,70116,29.9581357837,-90.0627262625,4.5,7.0,1
3CTuCLhazl6N8cIonyDkXw,Douglass Golf Course,46205,39.808992,-86.1352054,4.0,5.0,1
GUtKfpiIf8V0iSMi9bprVw,Dale's Auto Care,83705,43.5788371,-116.2131613,4.5,14.0,1
I2CxrvM0BGH1svfxqGGD2g,M.L.Rose Craft Beer & Burgers - Melrose,37204,36.1226231735,-86.7761365195,3.5,472.0,1
wMJlbZt2vOTG_FV96gkRVA,Dunkin',08002,39.9374871,-75.0363126,3.5,6.0,1
RrqRin8BYGrTlJbCDwtLzA,Wawa,19104,39.9510885597,-75.1989988336,3.5,50.0,1
ewMNH7OxjqKZUHvZN5JFiw,The Salvation Army Family Store & Donation Center,85715,32.248933,-110.8494221,4.0,9.0,1
vBEeR5ioxlvzKZN_pgnZYA,Golden Spirit Alpaca Ranch,33556,28.1458808,-82.6099872,5.0,11.0,1
mmgLzBE0vjgZGY31EOrPIw,Future Fitness,08054,39.9762075,-74.8695361,2.0,35.0,0
IiPiLvUQEffLFGL9O7Z2vg,Chester County Dentistry for Children - Exton/Lionville,19341,40.0546590698,-75.6621820117,3.0,8.0,1
ivXaeYqM6NK7Pg9EDUG8lw,Spanish Trail Dental Group,85748,32.2063037,-110.7883369,2.0,25.0,0
-ujBP1Dw0j1-Ffaz97-LXQ,Lama Dog Tap Room,93101,34.4157471,-119.6884801,4.0,238.0,1
-BDSQ7COGF0tcbWJRkTIZw,Volkswagen Of North Nashville,37115,36.308867,-86.675097,2.5,45.0,1
Nolwnmtnt5QeDGlS0bsCGQ,Five Guys,T8A 4N5,53.5126210396,-113.3219998596,4.0,37.0,1
25ZRypSbZUHrPe6PFYQ2sw,Quiznos,83709,43.6048735,-116.2900126,3.5,5.0,0
IrDV880tvqNdP9RyYtu2ew,G & L Import Export,85711,32.206256,-110.8889135,4.0,20.0,1
IgNDlyLERBwFGphgcC5VDQ,Cosi,19107,39.9487514826,-75.1604487143,2.5,63.0,0
TLYSUOV-_aL33mAjH5SY9Q,Sonic Transportation & Logistics,33607,27.953914,-82.5285509,2.0,40.0,1
BIJz39GnlrVUhrWPiWGECQ,ALDI,19023,39.9091231251,-75.2841462163,3.5,14.0,1
2vAqYNN86VWXZiy2E96-TQ,Chick-fil-A,85719,32.2324455,-110.9516985,3.0,13.0,1
wUEbysNWCtMSQAio6Ktn6Q,Lucianis Pizzeria & GRILL,19034,40.138836,-75.1952339,3.0,22.0,1
QpPc51mH86xyrRmnFijpTQ,Kávé Express,37075,36.3027229388,-86.6324932185,4.5,50.0,1
W4ZEKkva9HpAdZG88juwyQ,Mr. B's Bistro,70130,29.9543868,-90.0683629,4.0,2064.0,1
fVPPZWf5QghlCLYRYec1rg,China Sunrise Restaurant,85750,32.3088305,-110.8454971,3.5,12.0,0
wYnM2hu7l83HeRDZCr1HfQ,Axiom Properties & Development,85719,32.2641514437,-110.9462645061,1.0,9.0,1
FjtPj2oChFsqSzNt8hnbTw,Sharples Works,19380,39.9646635,-75.602043,4.0,6.0,1
nazEG-Y2LF4nL4bIIz7DKg,Clearwater Travel Resort,33759,27.962428,-82.714922,3.5,8.0,1
srXG3AiVC1HN1-W4Wza4Aw,Main Street Salon & Spa,18962,40.3440642584,-75.2745207788,3.5,10.0,1
sZyBB8wv0O1We1x40-Edug,Dunkin',33569,27.834780999,-82.3281975657,2.5,30.0,1
vuL3QCjFZ7lU5LMdUAmZ9Q,Subway,19087,40.0442635,-75.3993543,1.5,5.0,0
eFMPUHyo-XKACgJx46unaA,"Dutch Oven Bakery, Inc",19468,40.219679,-75.508814,2.5,8.0,0
kJXpZfEneOByy7WoVZEW8w,Phidelity Records,08108,39.9123803,-75.0556731,5.0,8.0,1
ArbuPK9NngFSgZ_-f6EPkg,Hands On Moving,85705,32.2425392,-110.9715663,3.5,6.0,1
3swM60bulnut1d4AZti80Q,Rockabilly Grill,85705,32.2739894,-110.9775344,3.5,37.0,1
GhBM8Aqfeeel8rW4S88iAQ,Nail Bar Nola,70130,29.9458702,-90.0704978,4.5,180.0,1
4g73Q9mMpttLwGTIuCZSxA,Go Honda,T5S 0B9,53.5444719,-113.6413167,3.0,6.0,0
4fUok5d5vgdQEb1Bzzg0rA,Olive Garden Italian Restaurant,70065,30.0200051249,-90.2493493809,3.5,115.0,1
Nqt7oPtEvmoBZRag5ASQRA,Philadelphia Skating Club and Humane Society,19003,40.008172972,-75.3014928128,3.5,6.0,1
pYscac0LOY0UTu6zuC4VAA,Midas,85706,32.1335999945,-110.9745180774,2.5,14.0,1
zKBIdA2j49REmU2bFR1mdw,BayLife Physical Therapy and Rehabilitation- St. Petersburg,33702,27.854197,-82.6474272852,5.0,9.0,1
AKFahOtdDQA7NVXZyDajCA,Trader Joe's,85712,32.2497812,-110.8909436,4.0,76.0,1
bdth7r1brx9yRU7sYwF9jQ,Nippon Tei,63011,38.596068,-90.493565,4.0,254.0,1
_d5OAxaxRPsivgYbBq7U1A,Hyatt Place Philadelphia/King of Prussia,19406,40.0944575489,-75.3974799022,3.5,62.0,1
oY6osC4Ch3PvguA7D1hh_w,Starbucks,08077,40.000157,-74.9873134,4.5,7.0,1
h-GjLWwP7A0580JTqO-Wpg,The Window Depot,85713,32.1949772399,-110.9686693634,2.5,6.0,1
Tr1K019SoddjZegRv7vy2w,James Brown Hair,19106,39.944743,-75.160428,4.0,21.0,0
g7GCbnZC_HKO0ybNt7NXBw,Popeyes Louisiana Kitchen,37214,36.202427,-86.692898,1.0,6.0,1
woVWLiVcJoC-KkUv4WlkGw,Roll A Guard,33773,27.8877925,-82.7213744,4.0,5.0,1
T4RZpKY2xQkWlP-_bGpLCQ,Willie's Shoe Repair,63110,38.6168931,-90.2611424,3.0,5.0,1
g6VqerF6K0MeiSODAK5PBA,MH Pomander's Bridal,46220,39.850895,-86.1393779,3.5,5.0,0
iIJDIIUVmcvFUZrgnj983g,Sierra Car Wash,89502,39.4780893,-119.7649205,3.0,109.0,1
ChrCGMx2MHhDYgZFuVhHWA,Salon Mosaic,89511,39.4657110269,-119.7798574532,4.0,6.0,1
a4BzM4nqUzJRqszzEV1fJQ,Italian Style! Italian Restaurant,37067,35.9173052,-86.8296648,3.5,5.0,0
GpN4ZVRZaU2jaixGjqCCXQ,CJ's Tire & Automotive,19341,40.0548501663,-75.6648682058,2.0,14.0,1
5cz1XbgalpQ89gsNQwneVQ,Portofino's Italian Kitchen,33615,27.9955961525,-82.5828616138,4.0,59.0,0
IYMvwRM6WR4C0WC1A8em3A,Fred Beans Nissan of Doylestown,18902,40.3331505,-75.1375955,2.5,26.0,1
SvcWlFeXbSNkENnZfWYgEQ,willow + june hair,19128,40.0357941,-75.218028,5.0,24.0,1
7zfO3VB6wEqDnk0_U16uBg,Maximum Grow Gardening,46219,39.771262889,-86.0611667244,4.0,5.0,1
OCrqJ_5eS517_2QIYqCmDQ,Contemporary Automotive,70001,29.9757236,-90.1555333,5.0,11.0,1
9yl6MnXqbzIh0NH2wNreFw,Lincoln Tactical,33616,27.8832644164,-82.5065423958,2.5,14.0,0
iNMdSi5bmvGSGeRQiUW4dw,Wendy's,85714,32.1637404,-110.9167218,2.5,14.0,1
0QmgzzPVNHeNL76B8rwTKA,Beneficial Bank,19103,39.9511539,-75.1673349,2.5,5.0,0
ByDCN9n5mwHP9LQqUx-1pw,Largo Police Department,33770,27.9201938271,-82.7763634482,2.5,7.0,1
TwIouh_gbW9TCSK3PhuPrg,T J Maxx,37067,35.948462,-86.823777,3.0,28.0,1
sDOxVq8gQBpHFYtoxwoLWw,Plume Salon,19125,39.9691898,-75.1340384,4.5,138.0,1
