business_id,neg_reviews,pos_reviews
---kPU91CF4Lq2-WlRu9Lw,4,20
--LC8cIrALInl2vyo701tg,0,8
--epgcb7xHGuJ-4PUeSLAw,22,16
--gJkxbsiSIwsQKbiwm_Ng,0,6
--hF_3v1JmU9nlu4zfXJ8Q,0,15
--qLiYw2ErSmvVwumb2kdw,0,5
-02xFuruu85XmDn2xiynJw,9,112
-0EdehHjIQc0DtYU8QcAig,14,22
-0YvX6VK5S0u_hbQFYq10g,1,9
-0dKgi_Hpcis921nOpM85Q,2,26
-0eUa8TsXFFy0FCxHYmrjg,7,21
-0i2KNr7WrCsDF5m0IViJg,33,15
-0iIxySkp97WNlwK66OGWg,79,154
-0qOecqGXEf_6TwaiX9E5A,7,35
-1Bvqy9wtFDyUB8GuDqQQw,2,7
-1XSzguS6XLN-V6MVZMg2A,44,490
-1dARtemb2Gy7XlftvtNXQ,1,7
-1owBLC2h6DF5n_j77oq3g,6,1
-1q3O9hvYmrELU39_Thbzw,4,9
-1zRvh3yjKAa2eYggRKbuw,54,13
-1ze-oWDnrGAzvAg56QXUA,0,12
-2XADB6qHuwPCZm3_01BMg,17,12
-2gDGXUYPigcPbMIDg2eTg,0,7
-2gmbMDzKgYZ_8DOnJtPyw,16,9
-2j8XqQL68DPqYiafH9JXg,0,7
-2jMDMFbmR3JVD-vJUk3Aw,0,17
-2wh7NTLkWEgsrLJvilnFQ,14,82
-32hOCwsuKd04WO-HQyYFg,28,34
-3GcUoawZjkX1Zq7zJhe_A,5,4
-3Xl8nSBSjaPpftsSNyrgg,1,6
-3Z9SadSY-w_ckVGQ0dedQ,4,4
-3e3CP3FFc-rvJj_-_airw,23,57
-3yc7i3bvTHv1Zig2rXrSg,5,5
-45_EStChJEWNJW_F83Yxw,7,13
-46lOITML86TZkk2fErq6A,49,18
-4J6iW94f7qhnwmp4Z9bdg,14,9
-4N4YEobjG89VQsEgqZshg,2,15
-4bCujgnMeYCu5RSmy0xPQ,1,4
-4qgeqxb2hKe3dUUH__j8Q,9,43
-54X2p-t4_toIoem4k_SvA,10,0
-5Xfp4_pojZjGgOevX4iiw,1,19
-5qdNqCsREZCQpy9HU3sRw,0,10
-6E_cla4lotruNasIsCkxQ,4,3
-6L7ckMsebhvS_nk4wjhIA,8,25
-6L_z3ftD1iepJb0FfJghw,3,105
-6OjnX3ZdDOhHxWR60wysg,34,44
-6RKk3sSh-PWB8VBfy4KnQ,1,17
-6bmADDPKp0HrT2wqAMjQw,4,17
-6p-MRp5mP35EN5rp-84nA,1,6
-6vtoe3VFedMGouTFnlnDQ,15,3
-7-VQmEgowG9o8u9qMv_aw,0,5
-7ZTpN4KmfWotnu4rVV-FA,5,2
-7c65KLGp3n_U0GifIIWgA,2,3
-7qO7OvcQS7t6v6uHxDAxw,1,5
-7sP9Iyk6XfXRawkcmwEng,11,38
-7wXZWnKe26iwJY_5z_AAw,41,80
-81BXpO5Fuk-RqCabS7LMw,61,228
-8562lttAp_PuLWpQXDdhA,1,14
-8B29WNRCyg4jViK4ChKlQ,2,7
-8VpP01AKfnt4wpT-8vgnQ,14,102
-8z1z-kYVvFFT4HUVSV-lA,12,8
-951Q5if-JmCQbO40meVPw,5,5
-981bIUN3Qt27CVwN46h1Q,13,4
-99aS7t1izJrDtgSUyvoxg,4,11
-9QWlFM3KH0DBS1wiHZJXA,8,5
-9WXuHHFaFx5yGjkO67pDQ,1,14
-9rRsa_9GTkSYkPdKa7T8A,88,42
-9sGD5Fi-DVwR6BsBAtu0w,4,2
-A4SLpg5ow8n0y4ITJ7Gkw,3,3
-AMeu_LMyFPTsa94IwvS4w,32,46
-AcmqwbO-h5kr7ki4r5dqQ,10,1
-AjSXsdPtBhWl0kY1-QsoA,2,29
-AtPJesqo67FIS9Lvi3MNg,4,2
-AyTHdUwHI-u5vAuXhUpPw,3,14
-B6XL-ZWsVHlAQyYcd3eEg,166,160
-B7E8MFb47FoGcp25lXgxw,5,31
-BB9Xn-ak_23FxVEWI5Y8w,3,6
-BHSeNtP6CoErp30iGDxPg,36,10
-BLVl824WRLFIm_uiHmkbA,42,51
-BjXcRcvDqOQ23eUKx6hjg,30,188
-BwA9H1r-t3vn0yVfCfYGQ,1,4
-CJ7NgAqUJir64qeZMsgCg,8,1
-Cg7YHZruPxmj--xoefNvQ,0,12
-CoZunWzch6HzMaM34dOEQ,2,3
-CuCli6mf9k4ReagRzbZbg,6,4
-CvjeIt8CMUMBRnikhHCDg,26,82
-Cz1zBt_t8CwNKppk3rlTQ,3,6
-D5XxdkNwCE65dX_aybvog,1,6
-D6e48MuV3X_8WovFoOvUQ,6,3
-DJmkn9HGCpCTF9G1ozklw,1,7
-DLx98kCD0kf8wuBeS_RUg,9,3
-DXnU-mJlRAz6K-Kmj2sfA,18,77
-D_InZvA0lq497RtoNxofw,0,9
-DcAq3aOYlMTM0vzOIAMMw,28,45
-Drxllb26AyLmrklrto52w,1,5
-Dz87D0tz5-E0boR6tQk9Q,5,7
-E-REn_Rgokr3BkDIoZMgg,16,28
-E3vzsWpDT_MuQY591pPSw,0,5
-EKgs6Dl5Ft2Y0bEhYPZgg,2,4
-EMRz2F2DPqLs2lY30k0iw,11,3
-EO7Peyf4GehtWjBmYrkDw,6,3
-EOYW4CqbTpsXBiC2Ww8gg,3,12
-ET245ZYhupdwBSwiivFLg,18,22
-EZ84vTWjXnQCeE1-qVuSA,8,7
-EoaB87gPD41BM67j1fGCw,4,1
-F-30mTCP0dUr_mm57NxUQ,1,11
-FJOhbe8f9Bzpvnq3qbyFw,4,1
-FRHYI6doGCjIsXiKHkUqw,62,44
-FRoQzVedsAKxJdQgMGqmQ,9,15
-FbTCbFUAE61n9bwdfsFIw,9,21
-FeeEqYmAJ00G66ngdxFZg,1,18
-FhCAeaH2redSYlr130TpA,4,7
-Fj5RVRiaUiMzaPGrfXNuQ,3,8
-FkOGy1AP9LXuoeqZpp06A,5,47
-Fu_WCaPIFgCxeXOkZDCUQ,0,6
-G-p49zYwol8Sw9GP931VQ,9,2
-GI-kwDsTnwdO0E8z9XLOA,1,4
-GJN01qCjGgnNBTbZexNpQ,3,5
-Gj2Qo-iQxRgppM-no0bdQ,2,4
-H5SGViN4TRLMvbmrLmE2w,4,1
-HCm7yAyNQKetrT0hq-LlA,2,12
-HHBEjgo257YRvix8an2yg,0,22
-HLxwse1EfslUhvKsGDk_w,8,11
-HQhp8VBzgSp-epyqrr0Sw,1,5
-Hb0Fipcw777R8cSARnA6Q,2,8
-I8rPwW2mH-pxMeyk22f7g,7,7
-IZpkWsJKfq35eJLzaUcvA,19,41
-JAwNIEJoDXmdE_8sS_BJQ,62,58
-JGkEsPcn-hoFspX1reyoA,2,5
-JStjL-8mRZq4ov4uI1FaQ,26,82
-JWVHrc63I-3KXOGxWYWlA,6,1
-J_HhUwt5pPiHRNf_m7rHw,3,5
-JcSG0yNk06hpNWagOKj9g,12,25
-JgPJ7mh3HAMwSEi6sHrRg,9,31
-K0zTgGyxo-AeSkcV0IVaA,30,145
-K_FDDqmOt6hJLTOPgpnlA,26,9
-KgtXG8p6sPSuv2GmOJv8Q,4,6
-Kisb17pdztyIHZvGPSvbg,4,13
-KncfNxXHo2DA46fR39K5w,4,6
-KoHVH7Iorlv1ql0PZgmmg,11,6
-L4ZVlzmrVKCs6F7ucgikA,4,2
-LGBQWPNa247AwbcpjzNKA,3,2
-LI-pZMk96s4VqGwIU1dNg,38,4
-LNcgHYLXcO7greCh81kpg,10,14
-LV84NpVQaSpnckb7DDO0Q,20,19
-La6DOoGC7k_2FcIde-LTw,18,11
-Laxqy_xe75r1onAt9XNaQ,6,6
-LgWuUKKPhwp0wr6qJ0DAA,4,33
-LhHRDjO6u1klmV6Pb0PyQ,2,3
-LmhsdQproqCf5EQoD06rQ,1,9
-M21d-vRVRaTyVywy8x-Ag,10,12
-M9uwwh6jHbzjHOm2N5fHg,12,29
-MRIqsJEm2v5DJtcMtekCQ,5,5
-MmwY7-8q6AtTgVm5v77UQ,3,9
-MpXo24qYu4DazQXDrs2oA,8,27
-MqloFCBP89OWko_A6i1_A,5,10
-MwKwvY0gG3GyR5ymxsLNQ,2,17
-N-fTC5nrer-EyfO8knytA,3,2
-NF_wBObzf5IdLzWyea7XA,8,13
-NZAlu3TfzLLR_VUe6U3kQ,33,16
-NehG9emqaFZTgCaZ77kkg,7,40
-NvYIxTY2R3vzzSmvRKVLQ,4,66
-O6zuYtx-bMz41rG0jn-5Q,1,18
-ODKTf6sVBn3i-M08NDHlQ,21,17
-OWsJkkKmcMA8ecGLSUg7w,92,267
-O_fh3A0IdvR_sg--mmoPQ,8,2
-OdMe4WXmGGIPEoSTM8C9Q,17,38
-OffMC_1lTuedMvULJJ7Bg,16,23
-Oo0GyUx-1il_j6AYmFYRg,5,17
-Or-MxCq4VYBAn2NiSbCHQ,7,47
-OwQecRCT2YZu_T6tMUZMA,0,14
-OywDzU38aCQOYWzp-uKfQ,3,10
-P-B3kK1o7q8GeTZp1IWIw,5,1
-P-pHBN0NA3cE3jjvA2jbg,21,61
-P008_MriBRX7JjdMLAK7w,3,9
-P7CxFXqAyZ7_ep4r4W-Zg,68,53
-PAlQKDKFnvBhE8rBX4Dqw,7,15
-PGe8XbKh-vXkr57GKNEAw,15,11
-PNRUU1s0BNFu2NRaaIimg,0,6
-PptRLobhcoUHSYCkzSwRg,0,7
-Q9gvLmYlv68lT9Z2kH09g,7,4
-QmdKVHCKxbyZJ5JgKFQNw,1,28
-Qt0Xdu3O9PxQDw4toiViA,5,10
-R2VetdBl4qR9kZQ_Xx5Og,2,28
-R3PWE4ycIc-xElcPqqetw,15,17
-R3kduqdMdxs1EBL-fumIA,8,17
-RJfiKv_UsYol83dkfqpHQ,1,5
-RQTEz9AaGU4uJB_dCEkmQ,10,5
-RV8fLn8mcdLi15c5eQjeg,4,2
-RYDQAw8adM5I5Xr2GuPbQ,1,7
-RcCv4oCeDb49qnBGZgjgg,2,43
-SLwUeAPPU7L98uDOceWxg,8,3
-SQ7N9P7LjZ0Th0GmXNDNw,8,8
-SQv9Kit89XgEik-Rd_5yg,18,10
-SS3ep20HKhuOhzDkkt9aA,55,149
-SZ-p4o6gJPOJ--HA3NKcw,51,78
-SgaUYY_hxJqPIo_VXsMPA,4,3
-Sp511jqTCpn3d6NwVz69g,16,62
-SycURFqf-UfHrMMGCLR7A,75,31
-T5SfUI_QqgBrkq4D8Jn7w,143,239
-T6z1weFkH1XAmDWU3tgdw,5,6
-T717fX7IAWVdCI1nnMHFw,1,5
-TArOdux8Z4oH-jIM1FJuQ,25,38
-TItgaP5oOYLDb8q5ILxeQ,12,35
-TjT3y-Glfnbt6LbKETAYg,151,410
-Tnsc_b8dsWuAq1wQugKZA,18,55
-TvJ8KJdXus3_o6uvG2GHQ,9,1
-Ty_8q-uXi2UNO4T0ryKlw,7,11
-U6HFRzeZZ1Sc9fAl3fQfw,3,2
-U6zkKlNw3HiNbuzR-x3jA,11,58
-U9TReQXc8qt5Xqv401xZA,0,7
-UADx0eR5Huq6s1CPH24Vg,1,15
-UPrwz4Ac25g9-drMmrTuQ,14,20
-Uez8TfwFgsht-h8E5cH6A,7,8
-UfK4v89G1LGnpCD1nbGPQ,1,5
-UnqbhdN3Kdj0Z1q8dPMXg,7,3
-Uxhjv9aZ-qE-2VDGXo4Iw,3,9
-Uzw3Hvy1KBNxak9vWsYyQ,132,149
-V4aH1YR67gdcakjCjU0bg,6,8
-VBhLd8DAz2VyDF3YBMH4g,3,9
-VEUjwiofZim3ETgbtuVWg,9,5
-VbgAouMu1xb2VVU-kPdcA,0,6
-VqWVmXzLJJqVtRXAx_CxQ,2,3
-VvMsFD0W2nQuO9buaeC1g,19,125
-VwJsTvH8dJJGjpfe_jJIA,3,3
-WAOPYXWLomXvcX5Jtbz0A,20,78
-WSEE7x8E6kLlg7DPIyjeQ,1,4
-WUHfRZ7a5NQA4TyGExggQ,3,5
-WdP27iHuFCUlgcRgFN2Gg,3,40
-WgD54ji0_MgHWgf9WBXrQ,18,64
-WvUB8bDBNXuvTU9i-ijCA,1,8
-XMVIb4yTanDDGt4HcRQpQ,1,8
-XattEF9LvIcbVxMYJIU7Q,9,0
-XcUlpWp-9JvJCKtzfufhw,6,12
-XrnSXHLYkHYofo4tjBSIw,11,3
-Xuj49w-yxbvTXHfoXbnsA,29,39
-Xw5Etsk7PJydWdpg6XFfA,2,9
-Y0d5ckFTrjvzxZCQoxhhQ,21,117
-Y33794_0UuxJERNMiHklQ,4,7
-YFsp6P5ddTDF0LrTGxSbw,5,0
-YWXj09yYXCFv7An8GeIiw,18,61
-YfJGvMzpmgXBL2lL627IA,5,0
-Z-daezhJA1ME9Plt8Axog,8,4
-Z03-mJBBLoroXF7H0DLSw,13,6
-ZJjxOYTWYbxD3yaz1CvCQ,2,6
-ZXjWCTxItm-3wPkgsf8zQ,43,210
-ZeEseRyVaUDYq2QimamBg,3,30
-Zo6r-nkY8svld8Vv2edtw,0,6
-ZzCVD9Ge7KCy4ffhYkGZQ,6,23
-Zznow_csEl3noB4yHIOvw,0,7
-_5bIz9bmlMfKkH4CVbUVA,9,11
-_VIDwzHvmfyxahHwWvqcQ,6,7
-_jxFZVaC3r1TppArnlxZQ,50,67
-_mCgBtlEGbzbTsjnuXm3Q,3,2
-aOGjoopHhk6OjgHGUbOEw,5,5
-aXBwEc28UdpcNtl6B6sGA,11,52
-aeZuatjCDMV1X4gCTz9Ug,1,5
-ajaASaDA_77I6pK3D4YgQ,79,25
-b3VxSmRw1Qot8dtDLdluQ,30,44
-bAOqLOVE20BjkZkpx9jrw,1,12
-bfRBexMAHt3p8wR4E2a3w,14,43
-bffBuOTmLC52VBSVtwq4g,5,5
-c1VslLxAIYmSbIKUNq5zw,8,10
-c86YkDE4WZUJIOJU08nOA,4,21
-cEFKAznWmI0cledNOIQ7w,193,989
-cN_52MpBGGPkjejrhGhUA,0,9
-d7jgvf-Aq3C-LFrBysFXA,0,5
-dB0vYhiTeBDlayTzT9kiw,1,5
-dOxca7rLtN5RR-psV10wA,8,79
-dQmz_R27erIuM5qR5jKIw,2,4
-dTetjRt4rUU1H16Sv8Lwg,5,0
-dc49jsYqR2zNblJkB9i8w,0,42
-dlU_Vr-5-szuLZteMWy6A,10,15
-duPMGeNQSCGEUl0s552Cw,0,11
-dzKS5d4Xh2UrN4ErpP0EA,3,37
-e6JPq8mFkMQQoWyANSgrQ,43,108
-e7vSLH84kk7mzHsesL0Qg,49,206
-eAmwxqpedMfAHREjJzQLQ,2,54
-eCe9GfRqhbMaB9CylkBSg,3,4
-eQIylvCo1gYDkHcIJs9EQ,9,61
-eTNByuRgYXk2S2TOjxLrw,6,2
-eUdQlZ430EiUCQjBb7hDQ,6,7
-eZSVjU4Iw32R1VmKq4sHA,12,4
-einR2JK0P2vbFTwWvgr_g,0,13
-ejuzGbu3ZHUndhLTQafJg,273,592
-f5A6KKUu4jZN1qptD20AA,2,25
-fJHTVafUBfsTOH_bopDBA,125,229
-fJPJP7iOd1ukDNqTSINIg,48,176
-fTcu-OMSpM_8vjUEbh1Dg,28,21
-fjIX9bvBKwXjQWfdgiWpQ,8,39
-flUkY8SjGhn8uQoTuUH_g,2,7
-gGywiFaJHb84GxW76DIZw,9,26
-gJ30BR8TmzjgKlZ9gtvHw,6,2
-gJ3m24voBGR-8fS_hQN9A,16,47
-gQqlbyF5HCKd60Qd16TOw,0,5
-gV5HzOUDyWirA15UeffCg,1,53
-h-JXA4fzHYJ0pGqpfrEDA,9,20
-h2ofCKKVch8fyinQxTsGQ,7,46
-h5xCtWvNIcIvRlYM2SWdA,4,12
-hKE37MKLbJRCxxrxhb01w,4,4
-hOzOtF9Qx8IuZWz1GyxQg,1,12
-hWqt93mXwiPUmS12suf6w,15,51
-hto0uJjh8KFQZGc9ZAcuQ,37,168
-i9a2nEKybUQCzAl34PIMA,0,6
-iSTJj5oyS6kzvaiw5T0Fg,9,53
-iclF-OurSdeL0qcHhXuww,7,4
-iejZ38ttViiaaHIAl5iYg,2,5
-iiX5fg7p6hnCWDqLkL6Iw,0,8
-imlMPrEJ8cc99qjEclKVA,54,21
-j87FUwytkiYUkM_6nCQ9Q,1,9
-jOBLBltG_33vpnXdoS0bA,6,0
-jSkTCNiFLnch6fiCHMLBg,9,7
-jjdFyiXbyldHOmpAXg-1Q,0,41
-jkc-0YYvwkBaNnNyiUHNg,24,94
-jkoDJwgzOu3uiVIT6FGMw,0,7
-jlQofD5Qu3F4gpNHLsrOw,0,21
-jo0DZIkxfXuvcWxJP5VeA,35,7
-jsmtvdoUI-GJRSklYmEuA,482,67
-kYESienondGaj9TFadkUg,24,92
-k_hvQP4_HeLBZE5dNT58w,23,10
-kj25Cnn3llfSjY7IPAI1g,6,59
-kkTGq3thk1YwgSBpzjDIg,2,7
-kzNKaCPg4l3i0fWg8jt3w,5,1
-l-Ba4L63ZoX4L46zVd87Q,1,7
-lT5o2BF6ZvSsh8PvpVOgQ,12,42
-lVEVi3vtQ8_L9kKT0bBwQ,27,104
-ljWGhdLY4QD8y8h3R-rJA,13,37
-loV4cB2Uh9TCltTRgGzWQ,73,313
-m2ucc0kb_S1-Y4J149AQw,12,24
-m5hPzdpc3RHq9MmuP3WRw,4,12
-mAM3RZQ7rU098iOEvXLNQ,3,24
-mBc7M9Q3fEIxuUxwOleZg,23,47
-mUs8_hwjJvJu9vM-IdEsg,0,6
-mVpEeb0zGMv81_IWoXT5g,92,13
-mc0GB26tKLQhxKpuR3xUw,0,9
-mnaArjieYr-VlVEHXb40g,0,6
-mxgEmVaB0Izs2-qaWJZ1A,4,1
-nB0-VsZ9WVFQvpePZ5ZIQ,6,4
-nEqIKUP2ykB7rSIhHdxRQ,0,7
-nb8_qHFjnYgQAYbkZ_yDw,2,17
-nevBq_Pb678f_r8w8UhtQ,0,8
-nk14DuVMog4IeCPNF1JpA,21,15
-nkdsrNAQoHEve7j_k-_qg,12,30
-nro7PmIobE1wl-nkuK_jg,1,7
-oJLrjktukLSGZf8mb0wDw,1,6
-oLUNNkVi0Wdikuc4LlQ_Q,3,12
-ofyXPJTwkWZLucFwhl83g,3,4
-ol1560JbWGTSu6VjgsW_g,4,4
-ols5tgh9GslgqmFvTOsDw,1,9
-omEZeNVyDMNe5OLFetDgQ,0,15
-p6IdEBEXVkr1c0QCt2z_w,11,20
-pG0lFsAIGbNsBzi1L_Htg,0,6
-pM6ok2VQDBwoRFlh3_-lA,0,9
-q8Dnex7CtMFkg04gDd09A,1,4
-qAsm0KkOERjvIMUynPTtA,5,57
-qEk9byAfXQvKNVK1tCitw,16,9
-qLZigxir60lX8_8BrKLow,19,8
-qXlrp191oly3g2hMvdZZw,6,35
-qZ3GVQpEa02BXg1ehzaMQ,12,3
-qk_J5-zZsHqadhdlzy9jw,2,6
-qpKCQ7Ep_2CwPmcelz8Qg,13,22
-qtbbMVJ7L6QpGlhXQBg7w,3,3
-qtgI1xDDSqxtTtPn3ERHw,55,107
-qyzTT2NndkDNhDYBIBtXQ,20,15
-r3NgzSEUuVjV9PLI-2ssQ,25,22
-rKaikuKBl1BwDPNJOn_qA,26,34
-rON1W7KuQz_WEpnOMF4ww,29,4
-rVeTFLcXZkE7HlaNXwFxA,13,75
-rWikttEizklImo8dAV_UA,2,8
-rYYbv1TO2d02g8Rhs9F1w,25,12
-rf-o_H-3_6XUrSxOLRcpg,13,19
-rpI6XyHt76wV5g-mgibTg,64,12
-rtqCmv1nlpjWhapgvSTQw,2,11
-s2v3VWz1J1TvZOHbyuNvA,4,7
-s6dn5Rbntfby7uPEDlDSA,4,2
-s8cHUa89WF4A5JWZtAAhQ,2,7
-s_ovV4hkwgfRdjEp0ZXMQ,4,1
-slU7xAdWHa8y3v6wP4CxA,4,33
-snRtdHxPbQXyB-JtQkfag,1,4
-szKfKCoII2V2oRQ7-glDQ,74,29
-t6wkqZmDiF6JJzccA1bbA,2,5
-tEi9mbHWoquuR5Iikk1qw,0,5
-tLHZKUVJfPw-Xe-2CV6ZA,1,4
-tLtZ4IF5KisxLRRo_gVTw,5,1
-tOcNlAX3NMF9r2XlhZ6gQ,21,23
-u9523bLbT89kwGPAD_A4A,19,11
-uAXBDajcvIe-IsLWP72WA,8,14
-uH_A0CIUlOdAhGgCkpd1A,14,34
-uIz18anCm62WTR2K2ptfQ,11,61
-uJKVVZtOIpFKcFmm3i9uw,3,6
-uNRP-CLIc7VRXaPn_BBCg,10,5
-uOnV5OZsqfb4ZZdhJ7_qQ,2,11
-uPvL8kLaSzG-KxkSKL6RA,1,4
-umIzowSjA0rAuxxB-5rJw,2,8
-urxhzobcJtOpgFAyaEIpA,24,5
-uueE7987oqW-6OdTEqaLQ,0,11
-uuuRZnFxHa49qahxSjnCA,0,10
-v22Vz1chVp8VL4pnSj5RA,7,4
-vB-ZzO1wuPaNhUExK56qQ,5,5
-vfDiAg6COJac0u7U7O6Yg,1,4
-vqqACran4P5N7EIcRZSGw,2,6
-vsYCPDkS3AT_ZtcjWcjig,10,32
-vw0HilUkEEb_VDK8jv6hQ,1,5
-w6v6xauapvUMhKf1kyjFQ,7,29
-wkOhZwDDduWJAFVcBQ0bw,2,14
-wkXI95IPxvIJhq2kaeskA,3,8
-wqQ7XsE_eWlMfNeSzS19w,0,7
-xCLfmAg89uz-XrYCakJ4A,37,6
-xMtz9YGBp4aSDsr8rHtQQ,7,1
-xV3NqnUWuHO7UB9ia5cYw,2,12
-xaY1TlMf20Ol9QLcDSU6Q,167,534
-xd2u9BsEOy-CVKopm4VWw,5,10
-xgmh7w82mp61c9ZGYEi5A,1,14
-xwIWLSEIUUsoJlvNZ2Kpw,7,2
-xzkqW1y4L9PTAPJjJu3yQ,7,16
-y-ZAPuuUN6cbQtFoqiPFw,12,29
-y14N79fbXQCn1C5L_0gCA,9,17
-y9SJ2UBHqcekg7AnvGOpA,2,32
-yA8WOM8oYYmEIwYC2JeWQ,17,3
-yAP_G_7eikRsdGp3nm-kg,37,25
-yAUuuXOO-_-kacgsyO9Kw,20,0
-yCrdNTk4RzUax2FJusa5g,9,6
-yFbTwzGllU3kHfRmJWO0A,3,7
-yVaPGptpzDf0PyfveCXew,0,17
-yjeVS1Z2ebMigkEd9jnfQ,2,13
-ymffdKa-pkGZa8sDDjSig,13,220
-z488XvNmHIn3yv-3N13oA,14,9
-zsvmEbkd-K9K2DAAKqiEQ,124,483
-ztdG-hhxduK5Cgk6gTTgg,28,198
0-3NcAbA1zeChqWeH454Ng,7,8
0-JRAY0LpBazDuA9761U5w,79,244
0-M3vGd6IveJh77-Bwc8EQ,105,133
0-NDECPSrXA06Iy4FjDHdA,7,4
0-WQ2go-0KyUZg8b4bpogQ,7,11
0-XYsSxJhu8ayKx1f3v_tA,5,14
0-fLP_m4do0gB3n0_miQUw,3,4
0-l1nKLNgCfY583tezCZsA,0,6
0-pY7oEuTT6j9fa1k-YBnw,43,275
008e7URntGcMNrQfMdoVvA,1,7
00AGVWzkxNLGb-7ZrwAOIA,31,47
00KoTr1hfaPxcLFAYKewWA,11,8
00T00eTjLYFhIui9P-ilLQ,1,8
00c8pf4wMH72fpkcRvWzAw,4,3
00szsg8vQy6yX5f-m9sI4A,11,26
00vHxQtHAIf7FnjGZuepfg,3,51
01Vnpln40zgSK6H6pAcd5Q,37,47
01pmVUeVeXKtxdnLcQrUOg,5,23
02HdjzKf7pUujFqYIvKiFg,76,173
02RE6PT0pJZqLV-tU6YDoA,0,8
02hcFGJ4KqUHd4bkq7giHQ,1,8
02jpb-fvph4csD9l_j3L0Q,1,8
036_95rJbB7PvCHfkCL6Nw,113,90
03K9F1xumPgdRiohRrXyfw,4,4
03QAwxDlWxMxuQJDvmHdxA,0,8
03jrpu27Rb8wA8rK-gLafQ,57,9
04Itzpsew47i9UJ3u9aZGA,13,15
04WeiTVNEnhMa4Ty5bpfZA,1,12
04afgn7xOSClaQrNd7ybtA,6,7
04cRqYZ2LnmD4dO1M0BM1g,4,1
04l8PYcuYQeEkEhJCbhtOA,102,693
04xrchNjk0FnrNgHAZlrzQ,4,1
058XD926oZ8d3j2XRxHMIg,1,5
059fmQtYFQv3-hINwfpGsw,18,41
05GLPgaqx5y4H9dBU6CP2w,58,153
05J_7mQg7dPuaSB_BBYEOQ,1,47
05pmH0GnLJagn8Ea_OuJ-g,5,30
05qVGl0KbrzU9gbTpulf4Q,2,3
06DZqx_jgmnEPFGnEFy_Rg,8,8
06EMsFBgKMdB6htNF4a_mg,2,21
06Y1ET8OdrUndhZL9bxw0g,20,18
06ZYW6QE-5dHmZGyNrTiAQ,3,10
0708gy7o-RRTV_Pxxp9faQ,7,3
07_mrlo8NL4mxsGC8QNY6Q,0,10
07aTaXwU-XBSP4jv4s2pKQ,3,3
07fKp-dzkUoY9xK6isS8Xw,17,1
07lLN2P7sRY8bnG67FKdYQ,5,0
07uojIeVeauFxa7yOc2pgw,3,3
082Z772_Ig8SXp9DibYCAA,20,16
085BE1LGQVyuHEsr5AeROQ,15,38
08PSz_3jOGGILaH5WsnFCw,5,4
08k4NrsUfGyjmir9NMO8Mw,1,5
08mW6JldYBCHYYvxNHX5XA,12,4
08usRklAHIuY389BUKK5uA,2,4
08z7zyu59SwDAHcbxLSIfw,6,3
09ErfxJM1X49rlnuRMSbDw,1,8
09MbQUOI4TQjw7N_rT4qqQ,0,9
09bJxduX5ZCiQVbCCGMYzw,31,5
09eFzvizdEQlEBvitKMhmg,11,27
09izIShLukoy36bBOWfKAg,22,50
09nu102ePMeuThC1Xi_TPQ,11,0
09uLsAhgFJEPJl2dZHX2HA,2,9
09za1h1fdeF9rTSviTV3zg,25,52
0AOrqAn9-XzRqBwAViJfsw,1,17
0AS0Ru_5pg_4FgvFBWXOYw,19,0
0A_TxKByQxEbQNr_0tpHbw,4,3
0Ae7F98kmeA01VJCIdD8vw,12,82
0AeN817111mzdIjl9qtVww,8,4
0Af9sUapLgGd_lTjw06B5w,5,2
0AgwjiluvSLEkpHNJe1EHg,27,62
0B0L4P5YGgbNeb7Koyez9A,3,3
0B6JY3Ky8iB52-rPooB2Tw,26,41
0BHMsgLMRSglN0Q8K9uU-w,5,1
0BMb_vELxCCH_kJz3cVjdw,0,23
0BTyvVxvayjOX6y10qIvtA,7,25
0Be80e7-tyW0UDQ6rhVkNA,0,6
0Bn9pMb_qcBO5mZYa3QAEA,20,96
0BpWIW3tG-DgbXQKN3wOpw,4,1
0C1Ux9EjTz7WHtmSHph0RA,5,2
0C3NaF1s1N2rxy66qAJTHA,0,10
0C3ucRygW0uSHfqFENa2zA,4,11
0CEUpFtaKhxbmrbSdP9MUQ,25,55
0CQKkD-a3jFWA4l7n52jxA,5,9
0CekZnAtUUuyKtT6pFwpXA,1,5
0CrEQpPKHfmjVodZeyL7IA,55,219
0Cv_TsIx8EJGfKE1RC9OmA,1,6
0DPQukWX45rqOIfDV40e3g,5,7
0DU-0OLI449AV1Rls3WQyw,1,12
0Dw5cikYionDC-RKLxY2Aw,1,22
0E-dYP3hTrtgFDGRyBbOwA,3,37
0E9eF5Oh-kd4xCcCs4CX6g,8,7
0EC5H_druND4ijqiSD0zEw,1,16
0EEwORVVpNXCZAoOGNsmZw,7,21
0EH0WBJSqVvu0vyVUM2zBQ,1,30
0EYptIjdWCC41e03GBWwOA,2,11
0Eo2G-mi77CCamq7HhaNyw,0,5
0EpCmB1qbtH6Xh1RgBnQaQ,9,21
0Eq2DHfzH7UunnL4SwOhGQ,3,6
0F51MlmDY7R-pf-eagWvWQ,0,5
0FRp8znYZ_-8PNYFtMvleA,4,16
0FeB1QZL62iwe1pXPam3Ug,0,8
0FsYHx6mnD0rx4IeRAgROg,14,30
0FzbiQyBnFnH1OkMol_mgQ,2,7
0G25IDvgvoqASYsqu0HbCw,15,103
0G4QrbVhW6KDeooVU6VBtQ,15,10
0G8pvIpDo671RwYajA_PwQ,8,10
0Gbs5xn5gcaXz0Vn0XgfFA,7,0
0HAye0yFoB5sWTLyS9IFbg,9,5
0HI4HQFlsYSzUaQ-qqPzwQ,3,7
0HKmdbx8ggbs6Izp93yp-g,26,25
0HfOupcGLusoEM9Yv9A7Tg,3,5
0IHBQ3G-E3IJFaDSXpLlBQ,14,28
0IM3PqePeExMJ0XzUwSvhw,55,93
0IMUakyuZWFIauCycbycGA,6,5
0IXwCbilY8prtBholmFkUw,5,44
0IYUdfag5M07C_darC8boA,2,13
0J5TebLfYGndRJOoQYpRyg,5,1
0JAeVS-R6AAbX8nAfF65Ww,61,19
0JDFe9hOr8tQpp4Nc5YOOw,0,10
0JE1FGC2p2zrH_hOhrc0Xg,3,7
0JP_wcWLwLQOcsWLg2G7fQ,6,20
0JQKRxw7nFjifQGANxzvpQ,4,5
0JSfZDXlgqd70OrytJBfvg,5,2
0JUkzfB7prT2mKutLghKlQ,2,7
0JX2lHSYOr18lwZqZ_BIWQ,14,6
0JlxuzzDo1Sv89S9ApI9Ng,29,102
0JoB3ThhI-DS78-1Ks1EUQ,39,70
0JwI9P5mZavEmNpESoVuiw,2,11
0K3NPuiVxZq3BcXG-f-SwQ,2,4
0KEt5T4AlzHhGJXrgrJ1Ww,2,6
0L2Lz03ipKaTQPfW90CIeA,0,8
0LUpwcGAHu1pkn7p3rx-4Q,5,17
0LVODzlrdeHlA6KJEmsOyg,2,3
0LcFxWCdTTpulMZdSiSQ7w,4,6
0Ld2mRZmyf3kotzpUjVdjA,0,7
0Loni9olv_2PDCUXMKmIlQ,27,6
0LxuT8BBARVrWLgIWG3JcQ,7,104
0Lz34cgf5KPTb5Dgvr4vcg,4,1
0M1l6p96IffjQi9EZsdVhw,260,343
0M6wlrVRtSzV2dYeYihYbQ,9,16
0MDoieQv9x6aC1tCimO8Mw,2,12
0MKoNDPcVRrw8Sm4d4WUKQ,19,15
0MM_13KG0yhY1zl-JTXNcw,12,2
0MTYFGNxgMw3os1b-iEHCQ,9,1
0MVPZc22FLPoo2Zy8AU83A,4,17
0MVeH0-735wd8mr3Nr_3UA,1,5
0MYuqN68x8uHcOR3_08wSg,3,9
0Mjn7sRUvawahuZui_HSVQ,0,6
0N2D4HtF2gLJvWxjIfiZDg,22,227
0NFp3YYTh_UAnJiGcreIig,33,41
0NtUzPQr3rykg6km2F6L7w,75,96
0O3FAdHUwqSwdue0CEW_jw,24,143
0O63wOoJ1tWUoE_ygEtJoA,33,8
0OMJCItadhtZr67zXhYL8Q,0,8
0OOpPFMnPWxYzaL-ajv5Ng,4,29
0OVkfxmZg637nt-A5URM2Q,16,23
0OY80sWm650QwpXyvd-E5w,6,7
0ObOi_hEo-fgls7HNbQX1A,3,10
0OhAKQd93Ft5R6sF7FKKkQ,2,16
0OoRQ6jh6h6HAbmMB6o18w,2,4
0OtfAPN1JKXwdLFhLcZGww,0,8
0OzT6ZgrYZNP95LMbbt2BQ,3,2
0P0gxMMHxi7aUCk3XRWKiQ,2,8
0P27vtNdYLy1vNu1Lc85Og,78,78
0P8IMQtzHo0dVhyCpVRNBg,1,5
0P8n-nOCbRgGxpGuqqaOMw,2,8
0PBML5rIMeXkOieWO1hA4w,1,6
0PBWFnRsFaM1ZzPD2u51kA,0,6
0PGxzpoXZKYNRFD_7_thpA,10,10
0PN6PHCYD0UPFSmNI2NjNQ,78,23
0PNkpwSCmRifniJB88IblQ,0,5
0Q1pnzJf6ucmixSQF194NQ,6,12
0QFNJIukEBFsQcSmr98bEg,0,6
0QOk_IeAM38D4T_D7k_vEQ,18,29
0QSxyOzXwDdaSbeK7p3GYw,68,204
0QSzzG6HQ9xBue2Dy7wwpQ,2,5
0QV-pdd-2nW7vQNuXyYoQA,6,18
0QYWhij_YZ7Lyk9F6213Sg,107,594
0QaTcaoXrjCWLKreDQs9fA,4,6
0Qm4gXPrMknaJcbWNcTLgg,1,5
0Qqxm9SrGEi4qtfX0DXatQ,3,3
0R6YQ6tseaW1OrKjtAMlYw,0,5
0RcD7PpjWTMcN86NwzgBag,33,15
0RmN5d21noHAkiDYL0j5Xw,43,198
0RxMD7rIvdhlOsSuneOu9g,2,4
0SCMR_0WLJWO3Xp5c4FM4Q,7,5
0SSIpx_5BwpCRk_UYU1Wkg,5,2
0SdXEXSBP5zDZ6h6RyFVEw,8,15
0Smo9-kCE0n3AexgjT-tfA,3,7
0Sp4fiKuzw9G-WJNl51dBg,9,27
0StbKjld9f8GbeDRy0fS0A,12,24
0T-dpBr-W4QItOX3NNkWog,9,32
0T5mai7FmUH06Tyv3rY17g,13,85
0TQKTAd22BEaRbKTUPCyFw,7,3
0TgX65_sfyJ-0UfoRgWeuw,4,17
0Th1bPzenEancav0igAxYA,2,12
0Ts5yQFA4yDouX2e_FAIKw,6,13
0TwZfZHis6e4o6sBogUJVQ,27,245
0U1kb1Qf4g-Ag7WFMgJTWA,1,20
0UCrWo2CihjxkZniTcQGpg,6,7
0UOTwrdilIPKZo-8jh6qqg,4,2
0UYn-R_LF-V0KSlYFRi3PA,23,2
0Ub8i_sMIOsa0jbXNzsl8A,8,18
0Uy3P1abr0V2QKMVzZuEPQ,2,3
0V1Rk-H7KI-1hmaQXDKgPw,3,7
0V4E29KT42USRi9-1Mf69w,10,52
0V7GZhZmNRzEBnDmC3Ftdw,5,2
0VZAR9j0T3F8XUAk5rvcTQ,10,9
0VjVuzA5oLmq_-3AfaCHMw,20,14
0VkhvSlc3EUnp_p_E7dyGQ,2,11
0VlGRVZ2z62KXgZCc7b5Kw,4,10
0VwadfoaG9dAFVgBSMcYbg,5,59
0VzZyzrWQZ9KAW1vejEVkg,64,233
0WA4excIHfOX9QmuQ73MnQ,20,13
0WJRKvGsX3NdoNdZuDFlWg,5,6
0WhmFeSt2WNGIYAjRinHIw,2,9
0WnfHcKIzFgf3kAIP4NEbQ,6,10
0X0u6-dHSDZVNjhPmFgWJA,15,7
0X0vIMuCqBfFauSolTU5ZQ,3,2
0X1OBkJc762qES6ZfcLL8Q,4,8
0X92S-mYxwqd57ihc59b_A,2,9
0XXZSQpSbcbL1i4iK-Ohiw,9,7
0XYMTrHRX_92nLCgqk7fNQ,1,8
0Y4YhMXpnL1qfu648jv9vg,1,4
0Y8xQvpbmO02SsFZtamR5A,15,4
0YI4tyK4MrTAveuj2js4OA,3,21
0YRnT6Ka8byQlp30-ylRMA,10,16
0YiRkVMR2cg17hk9u6nGhg,42,17
0Yj8droO_tgOW52Ap2XAfw,6,6
0YxnnDCh1NZZSk0KWREC7w,15,8
0ZETsmrLSGWaBu1NNdcmYw,9,6
0ZFqCbsfVqbSRHrcwF5x_g,1,8
0ZLZW5jaGBFlEPutkVPG5Q,3,15
0ZeGH15LV98FuijA1XrWoA,50,88
0_0jRL1CFchJsqSmJr7X3g,0,5
0_DvJq6ywKf6qpiassAGqw,1,6
0_HiJ6abvZsHBx_WnazXPg,4,10
0_pmYTKT_QGRPar0RXPn5g,0,13
0_yT3MVCgVrdfzyhi2VRpA,2,3
0a-v5ALo2wuAYOhoHSeFow,8,3
0aEyGFvCot0SS93wnysXuw,5,14
0aLT4g9FKuuKTFEz8-pcTA,0,17
0aanTsnErLaW8PtoETCmrw,3,2
0afFANvRrV0LcSqxOnDK0A,23,17
0aflm9H-XNg8eUAoeWmh9Q,149,131
0ak-7uV9Nb7nF_l-mMCysA,46,187
0aktKA1TIWpjXSz0_0qOkg,20,12
0bQ0kjlZmed8koXRdpUxtg,8,12
0bjltUp42KJei32nb0ZN9Q,4,2
0cC81WAIHTbZJ7nn4PLfSA,2,7
0cFoAQ0p2ls6_mp5FvX-Dg,33,27
0cLTDo4xyBWCxp0bMmwjIw,5,5
0cRXy5Q6Z19UjcsBCVeuOg,0,6
0cWnURpfrb4MqKSzyVN4SQ,20,135
0cYlegctYsQimW8UIuiCEw,1,13
0cZA1a7-uF9ikgFadS7-3A,5,6
0coO8v3oh_Y6J0xGGM4e8A,3,2
0d9SVtczOuybh49ak6sW2g,7,0
0dAYYGyfQzmgcgGxsv5Ueg,1,5
0dBFo7b1OYL9BMjvSaigsw,14,7
0dIlxPUw9JXFwVbabWxRvQ,3,8
0dYX0y1XGZtcfIY3diam2w,20,23
0dYj-LAC1qI8GJtShjj0YA,2,8
0daFu9wzWGQvW2lmnxgYZA,4,3
0dogdx4i4w4mLRyZ665Xqw,8,2
0dr3WOs0rxg2HFy-M78QYw,4,7
0eMRjuSvk17qjOENFFaVuw,6,5
0eOCn6kZSck6cpfm6-_RhQ,11,69
0eV_6ebzBTWcQXGji0QGkA,29,61
0exAfLiQVzBZGlJjtzAw4Q,17,21
0eydPHL0lfZYRuxOddnreQ,2,4
0f93yTITlSOiC83jz2bYUQ,7,3
0fStimz4EcJk7KsZIc3wyw,5,1
0fblJJCgj6b4lD_WMCxLRw,2,18
0ftdaqwh-U4m9Mmdj9Z_AA,5,0
0fvCfMxK4GXVOG2QK-esCA,3,13
0gAZIyD3UbbigmAasEbp7Q,2,5
0gFGnEm46NR3WSWOHC2A8w,11,7
0gO3jPLdv8xBi55BG2CsmA,7,21
0gRoCRYcjOFKLg3S2c8dmg,20,12
0gRyrnCfbXXOnDqOszHuAg,0,24
0gWWsmXo7oqcRLWh2vcDCg,34,21
0gl1k7h0B4pVWnaqtN_65Q,12,11
0hLIM8VtutBf7Vw8d2kYoQ,1,14
0hcn0TK1-n6-6hiznW1Kgw,4,64
0i0y1K7pP5ry_MAs29_rAg,12,26
0i1BtBKOqL50E80CxuuFzA,2,7
0iEZSvu05E18sUHg2e4MXQ,0,6
0iQtZo783nqVM12wqBxMog,3,27
0iSJmgCG9cBciMvQbG9qNg,2,6
0iVXOxmY96LgM6sa5tg8ZQ,2,19
0ikOz5a37dSa4dBGmEmdrg,0,6
0j0xfp60QQxBZBRfsOBN2Q,3,3
0jTSKjgNzAPegDKWCjjFmg,1,4
0jfCC9n4nPa-KrQZFXWdaA,9,11
0jgDSv2SOvCiOuqShsNtlQ,23,46
0jgz7W-ytCK-LmN84G1hVg,4,5
0jpFptAehZhLl3nkhHDanA,105,243
0jx49rhUl0eyDZJAPj0l4Q,8,10
0k5BJTBrXRrHKGuXD6qb7w,6,1
0kE6ONRsxXF44QLvEUyr2A,7,8
0kNvcESW7ANcU_YVyzz7Yg,0,14
0kRJxKwyVeHbnUIDPd6_kA,2,16
0kdx-VVbjY7Jvlvgs6nGUA,67,35
0kk5YTBpi68Y4K4aOL5RBA,4,4
0knCwcE4p82vEyhpht7X4A,6,19
0kolK4-GzY9h-t8sZxguqA,2,11
0kr6BXgT_xIplfjU65KS-A,1,10
0lIEdMa8qScs54ECj2aCBQ,2,8
0lKJ_pClGH_ribos6kPeGw,7,5
0lVDfCPGfhlHriMRCYB6QQ,3,6
0ldCuOv2Ff9iSSfq4PxXmw,15,18
0lf3Nqamc_9kKpDV4ajy1g,31,266
0loG1bKgcg8zdC39934GCg,26,14
0lxPrv9a3zo68r8ds5ypTQ,9,50
0m64b7HeLDpbUz2RAFHiQA,8,7
0mB9cFxpq-vAKh1MhYYtsg,60,137
0mEDuH-ujcp0IcCZ4hoNUQ,3,15
0macJWiPlgnGl2SkTJCYSw,43,55
0mbwwuFnDdbmXYrRcdDllw,15,6
0mq2S1lNMy7rtR3eGVjSYg,2,5
0mztD2NKpgV2sxWfaaOciQ,1,14
0mzvcpk6nMjGsAgK1gBtvA,6,16
0n3gcvZKiNm0OQpK2mRtBg,1,5
0n6rbrYy_zlr9N1WnEmr9Q,4,5
0nGgvncrf_MHYDIFC5kFsQ,6,1
0ndzIekJs0PRPA5Aoz9sow,36,146
0niqaT3_u-sJ-VXPsfTYaA,5,1
0oGTGSDBZBXOtiZu-9SXOw,3,11
0oNiXwMtqXIrI0QEJphn1Q,10,0
0oSSjekU-3GR8gselReWnA,180,1150
0oSqhCkK1qCY3I7-o0ZR1A,16,57
0obzlnnuK6Mf0yc6aZBu1A,45,25
0ok1tb_Hpw75-S7cn4UCHA,1,7
0onEYLUuictySvd2fTgtUQ,18,24
0or22YIg_49e-YALTABQow,9,9
0oy4-Xp6Q3fYPrwXUSzU2Q,3,5
0pA0Tdl_YeW5XAZfEqY7Uw,2,3
0pH8MrLJIO1LbHWs39PWlQ,12,9
0pJ6jsC7IqCpKCQd1N8qeg,2,7
0pJGGp7F7O7JHJRoOXCEfw,2,4
0pNXJZ9EdnnhZDmkktu4DA,39,114
0pNssk8vYoiR7CyCWk32Dw,7,2
0pSP1zV-Rnqe4YzQsGIE7w,8,22
0pSrJXO8hfSzYYSTU9Y9Yg,7,13
0p_Y0p9FBDycE99DhcGK-A,19,44
0pamUcfn0SXbuj79Y_tRiw,16,39
0pwUxnyz23aFhxTIZljysA,2,4
0pyb_mF5iBN2SUTgPxhH3Q,0,6
0qNvhoixwMd_WRn1BykBFQ,9,69
0qcKKhE731dpH7znxJyu6g,8,12
0qdjIaAiohXBDqE78Y1LMw,7,13
0r3AlrSkAPUxXv1qch8qSg,2,10
0r3SGwQnpdYFNTQnClbLzg,0,9
0rY6sswFtmH6OGTELCxt9w,1,12
0s9wc8XMhxgKbiHUreqeRw,20,84
0sKOkn6CWKPWYnfifbgPiA,1,9
0sKzNrA35zLrfWB4ORMiOQ,2,5
0sTLogHQ_jhEtoCXbZOxxA,9,0
0swbH3HFkIX9SvMkRwCMSA,3,16
0tB3FHgReSduS4nW3YfxUw,8,30
0ty21dxj2E1cJrDDbTeThQ,5,6
0tysAE9vfgSshq9cdNuXxQ,4,1
0u7ARPwjPyoU_y2UZY9Pkw,30,90
0uAdNV5KUFOgbg42MhDwWQ,8,2
0uRpmK_epIcXq4EaIfMAbg,1,9
0uxg3_noVCE78Wgjb8DSyA,24,114
0uxo6gzaTQ5fwgQuKXXOgA,4,3
0v17Ed8jk2OgUEOHRdcTtQ,106,307
0v6_mSaPBuBAKevIpRp-jw,2,6
0vFJzyPFD6wfpTjppcc5bw,3,5
0vaIIQtRluflmE6CT0fIDA,3,12
0wI23dDw6DYvVvvFR5tPtw,3,5
0wVz8BGSamXuxxtf_cTejQ,30,50
0wZJkj-OnZ7Pmublspl7tA,119,393
0wgvv_2SM5fiwiPpyij7pA,19,5
0wjMBvxWO1Khm17ZseSL5Q,6,25
0wtpLSdzCfZ-k1hZdQhRNw,1,10
0ww9jbT8fqU8ejCqXZH3Xg,23,7
0xEK_tHMUNtMGilNUd7Igg,7,13
0xeX4n_MNcctRmPg3BDSFg,0,8
0yElmJZHbfRJt4gmdot8Og,26,23
0yGH62WGQy_W3JoR6L5Kew,5,136
0yqpaakk5iM70s1c-L-lkA,5,76
0yvy_UOD99Anqs6NraiAwQ,6,10
0z1VO3Js0NdTOKLYDa15zw,24,83
0z2hoFgk7-XFsLTuUG6Axg,9,3
0zQfWaRj2A4C2KHwfx_RGA,1,25
0zsBa7dDfwL3jf0iQTmqZg,5,5
1-2FFbiUiE_CHduK5xzoCw,7,78
1-45hW-XjTTBlblWtLN1gQ,4,3
1-9am0VPhPfoOqDVHhzWow,1,4
1-D_z1Z3P2xWXO1g49eRbg,32,17
1-KxvPja7GvoCYVIgxgAOw,3,23
1-Rhngc7U2gdp_5gs4RLtQ,7,9
101Wj9K1xRUTk0fNfM7QSA,1,4
109drVhe4jqbY3oucWubSw,4,3
10Bq-D7cUzwvY5pUJPWhmw,13,28
10KnzbTaz-Yq8wADXGuOlw,15,65
10P-tve6ELHBqwJAPLT1aw,2,5
10Y8gFbG7BcUwQ4P9q4zWw,8,20
10fGe6z0yZwESO3uE1NXlw,4,2
10hv96jNm02BxqTBrgq0tA,1,5
10lSxsZ17WU14dmPcqvrIg,21,21
10lvWav5dbxkbez-ItcdGA,1,8
10xyUxPgT2nohe3WmtGf8Q,4,5
115Vnqj_18yog_PWIV0JzA,4,9
11WLpnzTlw8rf2e-zEyMMg,0,6
11We-FrQg8HH2s3jPXMUsg,0,11
11XXH6gZhA0NcvaWdUpyYA,2,3
11cYJXvgnyOdojRydXWk-g,0,5
11uo3yawm_d1DWCCMpM1tw,14,37
11vPrvRixIre4nnwlMo32A,3,22
11vdN-hVH8JR85YTeXeuOw,25,13
1273Bls7BI8qD0nw2an9vw,19,20
12BWE1M2d_FvA8mk0i5cvw,1,5
12GUv17IX7dJbuzeBxBCyg,58,198
12VKtbzIL5tfb3LCOLk43Q,1,7
12_YxEYiswleR_TMtxkuHg,10,18
12s60qhQ-9OP5CRYBeBeGg,2,4
12uWSsgW5wkWzkxPycLtzw,9,118
13HH552okR9DsjANReVeFQ,57,271
13UbOVDFdxloxaient5XWA,2,176
13UgduZFJXeiTFsJu5Y8gg,4,49
13bfF2nEM4U3nkmrPRIZGA,5,18
13iPe4fzKIsNix-qWLFmWw,4,3
13rO3sjY4aYCbV6BHciyVw,4,20
13yDsd3lYBR9pQSlcjk1XQ,4,5
14-O0n5P2Dld_S2DgMQIgw,2,18
145QIempOVT40M-_zwZMUw,0,7
148uVDlE1LabfTVSbNOm6A,9,6
14YnOi8LM6hHFt3wPqeTuw,20,2
14io_1ID19mWbD8W28yU_g,2,4
14zx--dbLEAMy-61N9pG-Q,7,8
1515SMnG49GnvhW4T4FvPw,2,8
15BlJKQfD-SLJTebWa14EQ,107,511
15HxeqnXBnokS2LtpAp-Fg,0,7
15SSqGZzEPzKExhM4qrcbw,3,5
15YX6AzZczogGZdL0UAFIQ,0,7
15hA0ywlGvXs-5TG16OR7Q,2,5
15lTva4TjdKvCoer9JMKSg,5,5
161EbdMNFMO1kBKKC8Y08A,14,3
166jYdsQt3KT0kHhdSd_Jg,3,2
16O3jxqYoknCeo9cTJtaGQ,1,4
16QLhabqmknpdVm8WwERQg,3,8
16abiGP6ZPeXdz-aEDmQgw,2,4
16onZBQb4tbXOKBztMh-3A,0,15
16qbviRwUTJHwJok-2rUSw,2,3
16rx4GLfhnoqEdBMQWlZFw,5,8
16vIo7ReRv8U-vLFmJqolg,5,22
16y5y2Njl7yc3gcUxVNstg,6,6
16zHT7zp6K9IEQZ1oW6xXg,80,43
171yGYtIYY1yo-MTh_VGOQ,0,8
174kozBQWghnKum2YbFVGQ,0,5
17BSWJSs7NMiqaK3d9Nd_A,54,18
17CmTu6OM6p1VwLn23fMWw,14,18
17SJHQPVe32vOb3-6OCtyw,1,20
17gWvyMRjHdP_xTO-nJPfA,17,22
17o-9boCWW4nO5H3l7VhUg,4,22
185JxNHBAz79Hg4QOzvz0w,0,30
18790ccUVHejWqCmkoSJjA,20,133
18ByN7CbZd892IMTTB-V2A,8,14
18Ds-KgybL6jQ4H5XYqhBQ,1,5
18PwTz6G-jjFR0TzGnC1ug,8,15
18zXpz-yBCLHDH3de3_reg,10,29
196iMVM8euBOHces_LHlBQ,3,2
19LxIe1sVxts3yJtWfUAmg,2,13
19_JJgc0g6bI43yrkIgB_w,39,89
19d0pK5EqzRL7Iuzh4kXjw,4,23
1A4gwQRyGgD3zjUrOiijmQ,2,7
1A9p0iMiPsIqC0iDRMfZow,23,25
1AMdlp3799xhKsEvce9_aA,2,6
1AQhRXA6GhMp6FjpS4T8lQ,137,113
1AU-WUfO7wFUL1FvmGADyg,6,25
1AmFNY490W45-mqwXesEDQ,3,8
1An4DxtMmvvSe0HX4viRCA,28,54
1Awh7492DyAGcu_g06rpfA,15,2
1AySwnhzU2v0CWVgZgIpZA,5,1
1B59ZyvK_n4E1egxquDO1Q,9,4
1BG9LrH5c-YHAhj0Jht09g,2,4
1BX08Dxw_m8i7_7mi5hWLA,9,18
1Bljt-GngRP4XxkQFLnHHQ,3,4
1C9nk1-vA2EoBCeNb2M5HA,16,67
1CCmUIlkubqB-Rp_VRJarQ,5,2
1CPhIcvexZL-oj-LU04sOA,7,11
1CTNhKEqGbmG5r-sBbDoLg,70,213
1CgDi7lD68FCz8xJ5Nv5kA,8,1
1CiGi9hkhE030agEN-isRw,0,8
1Cps3J_wtPzu_MHboA9rqA,17,8
1DAI96tu5hcP_lvKBHVixw,9,10
1DNZwTAJHvbPyI4eQsjLow,12,11
1DewiaShwLKlSFJbu3glPw,15,8
1Do2YwUvrW4L0k39xkvvtQ,2,7
1DtCtsQLiiU6ZqSDAYbquQ,3,4
1Du1NruqJwxnzgEUHc42Jw,24,189
1E0H5bHRDvUyeToiffQV7w,70,17
1E3PYHrVVqR6D_bYt49Lhg,144,468
1EDUXBWC6IAZvW-r5BKDGw,11,37
1EEL5DATdF7odIRhVpf48A,1,13
1ES6oJCdYbh_Xp1DfEantg,0,10
1EUnaAc0MRU82MD2NfF92A,3,6
1EnZt9if-fZyiYR1cJ_EHQ,5,3
1EoS8ZkUnBhcrOSWuYHvtA,0,6
1FGqe-vExt8Q-JCvkJFOYw,18,22
1FO0pL-Lf7GkfF-d5Wuxdw,11,183
1F_lKVOdC8UN-5UOQ-FSGA,1,28
1FcFBQlvhpdog1jam4Okxw,2,4
1FqgUtPHfHIWA09Mv4y7eg,1,4
1Ft8jot7ZYRYpljvvYqEIg,0,5
1GA1v9IkJyLtgG2ds46n9g,4,4
1GETjnhzRlStU335f0roUg,2,10
1GHO0QdRlf2g1v4LGv8W7g,8,13
1GQexCAjyG7DXClC0TU4Pg,5,1
1GTMTSxIdtEFVpHgGaYrNg,2,3
1GVRe_vfFHLMNtE3Gfv3zg,6,4
1GW9MKxFJ7AcjdEyVsQ1gw,6,3
1GawRltBBRlfZyVo4znu7g,3,8
1GgAouXbrim6ZmvaymRqtg,5,0
1Ggw9DE7s9h4q9sRo-f3oA,13,30
1GvnSvyCkmDLjcFLw3-dXg,9,38
1H2QnhMLz3crR5KNZHOsEQ,2,6
1HUJGIOAFDHnBOZ06lXkGw,1,20
1Hk4zEE3j-kTz8kBH_YGpw,16,4
1I-PZjiZ_hS9Ya4J-Uo8EA,2,4
1I3SK8xjnI5-_k0dsVL0ZA,95,118
1Idu-JFwqN3bE7wFrQXRZA,6,16
1Iy3OW9Emh_GCW-jfDwWfA,12,2
1JKvL-SA4X6vnU-lONw9Sg,2,19
1JS1aYXefGI8sMeEcZl7OA,4,11
1JfWs9Dc2HVQcjPjzBQIiQ,24,14
1Jlr2GhD0sNH6CDKbTTaaw,3,3
1JsqNQ3wLFqEme_bhukJIg,1,16
1K7YpesPySJ8xOVKWEU67g,19,31
1KJ-RZPlWo_wLA_VJpSR-A,28,74
1KLmUmiguE0qiIfqhwm8Xw,42,40
1L2gimdk0IQt5jgEKBeCtw,14,30
1LAOf6vASiAXKc9-jGv32g,42,40
1LZoaRAVyI5BW2ZOemQZIw,8,3
1MII_-cB38yH14Q_LWA2tw,8,21
1MSqiroAeu3ZeOWjtls8Dg,1,12
1MbwLxXrQk7H1FOidg8hoA,9,64
1MdSDNxlCzKmYMMHSccVrQ,183,68
1NI_vrDjgKtaJeHqmLF77A,0,5
1NIhprhAiBUIx9XhL8arbA,44,23
1NM_by6H29DNqJwQWIliZw,0,6
1NQ2tjNj3qQt1sXXSGSsiA,2,8
1NjKYyE9lArMil98wTklkg,4,6
1NmAfCegXE3YwBj38ONUew,4,26
1NpjRluAhb5Xwthjbclytw,46,22
1OACP9F07jbJNcTfo75L_w,4,4
1ODBqsrWYKcby46CHOYjRw,0,5
1OhRcOkS7FP85eoAtVzbmQ,0,8
1OppjaFjA215zuMAekbUXg,4,5
1PB7PMzl3SSVjaoRuJ2mJg,0,6
1PMAO9O8iQ3gIZlPEaJN3g,5,25
1PMUyUEBHO21y0hPRz99KA,2,7
1P_mGUY1PyPq7_ZabrzpBw,66,198
1Pdio_9zMUU_GaSIlTpkjA,8,1
1PfTwzxhUH92WqKBN2bLNQ,23,51
1Pprt5BURngs1jvXTPWopA,24,310
1Pxg1AMf0rEn9QF__ZYoWw,85,287
1Q5c2dyYzgMW0KBDNxahXw,1,17
1QBbJ27hYLxAwo9zP8436Q,132,104
1QVB0_-piu0GXes87BXeGw,9,77
1QgVJYZ1WwYsAH2IgHeCBQ,30,7
1Ro-D1owLupjxyjqwOl-yg,3,6
1T4i26dJimZ0pB6x68Sk5g,0,7
1T84BU5oHZA4yDrKtucGVg,11,8
1T9F7iLDFAYWJvif1RKneg,83,359
1TAHFIs5ETVVB9X9R3Jwrw,0,5
1TDkOZykS66a7pV6yeAAHQ,3,9
